order_id,order_date,region,country,customer_segment,sales_channel,category,subcategory,unit_price,quantity,discount_pct,gross_revenue,revenue,cost,profit,profit_margin_pct,customer_rating,delivery_days
ORD-20251000,2025-09-08,Latinoamérica,Perú,Empresas (B2B),Tienda Online,Tecnología,Smartphones 5G,398.27,8,0.15,3186.16,2708.24,2366.76,341.48,12.61,5,4
ORD-20250899,2025-09-09,Norteamérica,Canadá,Consumidor Final (B2C),Distribuidores,Tecnología,Accesorios,586.83,2,0.0,1173.66,1173.66,729.34,444.32,37.86,4,1
ORD-20250162,2025-09-11,Europa,Reino Unido,Empresas (B2B),Tienda Online,Tecnología,Auriculares Inalámbricos,720.98,9,0.15,6488.82,5515.5,4411.01,1104.49,20.03,4,2
ORD-20251009,2025-09-13,Norteamérica,Canadá,Consumidor Final (B2C),Tienda Online,Hogar y Electro,Domótica,256.57,3,0.0,769.71,769.71,494.28,275.43,35.78,3,2
ORD-20251203,2025-09-13,Norteamérica,México,Consumidor Final (B2C),Tienda Online,Tecnología,Accesorios,85.76,1,0.0,85.76,85.76,51.88,33.88,39.51,4,3
ORD-20250218,2025-09-14,Latinoamérica,Perú,Consumidor Final (B2C),Tienda Online,Moda y Calzado,Accesorios y Bolsos,194.75,2,0.0,389.5,389.5,177.81,211.69,54.35,4,1
ORD-20250707,2025-09-15,Latinoamérica,Chile,Consumidor Final (B2C),Venta Directa,Tecnología,Auriculares Inalámbricos,644.75,1,0.0,644.75,644.75,395.58,249.17,38.65,5,5
ORD-20250048,2025-09-15,Europa,Alemania,Consumidor Final (B2C),Tienda Online,Moda y Calzado,Accesorios y Bolsos,206.26,2,0.05,412.52,391.89,154.64,237.25,60.54,5,1
ORD-20251147,2025-09-18,Norteamérica,Estados Unidos,Corporativo,Venta Directa,Tecnología,Laptops & Ultrabooks,1002.55,9,0.15,9022.95,7669.51,6360.95,1308.56,17.06,5,4
ORD-20251473,2025-09-18,Latinoamérica,Perú,Empresas (B2B),Marketplace,Mobiliario y Oficina,Organizadores,430.12,6,0.15,2580.72,2193.61,1693.88,499.73,22.78,4,2
ORD-20251392,2025-09-18,Norteamérica,Estados Unidos,Consumidor Final (B2C),Distribuidores,Hogar y Electro,Domótica,104.74,1,0.05,104.74,99.5,57.65,41.85,42.06,4,2
ORD-20250833,2025-09-19,Asia-Pacífico,Australia,Consumidor Final (B2C),Tienda Online,Hogar y Electro,Domótica,58.59,3,0.1,175.77,158.19,106.58,51.61,32.63,5,5
ORD-20250687,2025-09-19,Europa,Reino Unido,Consumidor Final (B2C),Tienda Online,Mobiliario y Oficina,Organizadores,46.94,3,0.05,140.82,133.78,75.83,57.95,43.32,5,4
ORD-20250063,2025-09-20,Norteamérica,México,Consumidor Final (B2C),Tienda Online,Mobiliario y Oficina,Sillas Ergonómicas,409.23,2,0.1,818.46,736.61,509.88,226.73,30.78,5,5
ORD-20251396,2025-09-20,Norteamérica,México,Consumidor Final (B2C),Marketplace,Tecnología,Accesorios,481.34,1,0.0,481.34,481.34,305.36,175.98,36.56,4,1
ORD-20251330,2025-09-21,Norteamérica,Canadá,Empresas (B2B),Venta Directa,Tecnología,Monitores 4K,1333.95,9,0.05,12005.55,11405.27,7389.09,4016.18,35.21,4,1
ORD-20250926,2025-09-22,Asia-Pacífico,Japón,Empresas (B2B),Tienda Online,Mobiliario y Oficina,Lámparas LED,51.52,5,0.15,257.6,218.96,174.26,44.7,20.41,4,3
ORD-20250581,2025-09-23,Asia-Pacífico,Singapur,Corporativo,Tienda Online,Tecnología,Smartphones 5G,1266.44,23,0.25,29128.12,21846.09,21675.78,170.31,0.78,3,5
ORD-20250533,2025-09-23,Latinoamérica,Brasil,Corporativo,Tienda Online,Hogar y Electro,Domótica,469.82,8,0.1,3758.56,3382.7,2214.49,1168.21,34.53,5,5
ORD-20250577,2025-09-24,Latinoamérica,Chile,Corporativo,Venta Directa,Mobiliario y Oficina,Lámparas LED,298.56,13,0.25,3881.28,2910.96,2387.94,523.02,17.97,5,5
ORD-20251027,2025-09-25,Europa,España,Consumidor Final (B2C),Tienda Online,Moda y Calzado,Calzado Deportivo,174.28,1,0.1,174.28,156.85,73.38,83.47,53.22,4,2
ORD-20250839,2025-09-26,Norteamérica,Estados Unidos,Empresas (B2B),Tienda Online,Moda y Calzado,Calzado Deportivo,25.23,8,0.1,201.84,181.66,78.27,103.39,56.91,4,1
ORD-20251121,2025-09-28,Norteamérica,México,Consumidor Final (B2C),Venta Directa,Mobiliario y Oficina,Sillas Ergonómicas,411.08,3,0.1,1233.24,1109.92,633.36,476.56,42.94,5,2
ORD-20250990,2025-09-29,Europa,España,Consumidor Final (B2C),Tienda Online,Mobiliario y Oficina,Escritorios Regulables,298.12,3,0.05,894.36,849.64,481.1,368.54,43.38,5,3
ORD-20250690,2025-10-01,Europa,Alemania,Consumidor Final (B2C),Marketplace,Tecnología,Auriculares Inalámbricos,1174.19,1,0.0,1174.19,1174.19,723.56,450.63,38.38,4,4
ORD-20251093,2025-10-01,Asia-Pacífico,Japón,Empresas (B2B),Marketplace,Moda y Calzado,Calzado Deportivo,92.21,9,0.05,829.89,788.4,351.82,436.58,55.38,4,3
ORD-20251488,2025-10-01,Norteamérica,Estados Unidos,Consumidor Final (B2C),Tienda Online,Hogar y Electro,Cafeteras Express,208.76,1,0.05,208.76,198.32,131.55,66.77,33.67,5,4
ORD-20250130,2025-10-02,Europa,Francia,Consumidor Final (B2C),Venta Directa,Tecnología,Smartphones 5G,871.17,3,0.1,2613.51,2352.16,1577.1,775.06,32.95,4,3
ORD-20251193,2025-10-02,Europa,Francia,Consumidor Final (B2C),Tienda Online,Tecnología,Accesorios,813.48,1,0.1,813.48,732.13,513.23,218.9,29.9,5,5
ORD-20251394,2025-10-02,Norteamérica,Canadá,Consumidor Final (B2C),Venta Directa,Hogar y Electro,Aspiradoras Robot,161.6,1,0.0,161.6,161.6,104.74,56.86,35.19,5,5
ORD-20250474,2025-10-02,Norteamérica,Canadá,Consumidor Final (B2C),Tienda Online,Moda y Calzado,Accesorios y Bolsos,205.03,1,0.0,205.03,205.03,73.53,131.5,64.14,4,5
ORD-20250322,2025-10-03,Latinoamérica,Brasil,Consumidor Final (B2C),Venta Directa,Hogar y Electro,Purificadores de Aire,166.76,1,0.05,166.76,158.42,104.29,54.13,34.17,3,3
ORD-20251107,2025-10-03,Europa,Reino Unido,Consumidor Final (B2C),Tienda Online,Mobiliario y Oficina,Escritorios Regulables,201.93,1,0.1,201.93,181.74,109.77,71.97,39.6,4,4
ORD-20250700,2025-10-03,Latinoamérica,Brasil,Empresas (B2B),Tienda Online,Tecnología,Monitores 4K,189.46,2,0.1,378.92,341.03,254.18,86.85,25.47,5,3
ORD-20250778,2025-10-04,Europa,Reino Unido,Consumidor Final (B2C),Tienda Online,Tecnología,Accesorios,1219.23,3,0.0,3657.69,3657.69,2722.13,935.56,25.58,4,1
ORD-20250757,2025-10-04,Europa,Francia,Consumidor Final (B2C),Tienda Online,Moda y Calzado,Ropa Casual,42.54,3,0.1,127.62,114.86,48.21,66.65,58.03,4,3
ORD-20250739,2025-10-04,Latinoamérica,Chile,Consumidor Final (B2C),Venta Directa,Moda y Calzado,Accesorios y Bolsos,156.77,2,0.0,313.54,313.54,125.65,187.89,59.93,5,4
ORD-20250307,2025-10-06,Europa,Reino Unido,Consumidor Final (B2C),Tienda Online,Moda y Calzado,Abrigos Técnicos,197.83,3,0.0,593.49,593.49,225.75,367.74,61.96,4,1
ORD-20250043,2025-10-07,Latinoamérica,Argentina,Consumidor Final (B2C),Tienda Online,Tecnología,Monitores 4K,670.58,3,0.1,2011.74,1810.57,1280.21,530.36,29.29,4,5
ORD-20251192,2025-10-09,Latinoamérica,Colombia,Consumidor Final (B2C),Distribuidores,Mobiliario y Oficina,Organizadores,136.31,2,0.1,272.62,245.36,141.94,103.42,42.15,5,4
ORD-20250283,2025-10-09,Norteamérica,México,Empresas (B2B),Venta Directa,Tecnología,Smartphones 5G,1043.89,9,0.15,9395.01,7985.76,6540.29,1445.47,18.1,5,1
ORD-20250881,2025-10-10,Asia-Pacífico,Singapur,Consumidor Final (B2C),Tienda Online,Moda y Calzado,Calzado Deportivo,93.38,2,0.05,186.76,177.42,67.69,109.73,61.85,4,4
ORD-20251295,2025-10-10,Norteamérica,Estados Unidos,Empresas (B2B),Tienda Online,Hogar y Electro,Purificadores de Aire,209.89,2,0.05,419.78,398.79,251.21,147.58,37.01,3,5
ORD-20250974,2025-10-10,Europa,España,Empresas (B2B),Distribuidores,Tecnología,Smartphones 5G,309.54,4,0.05,1238.16,1176.25,922.74,253.51,21.55,5,4
ORD-20250319,2025-10-12,Asia-Pacífico,Singapur,Consumidor Final (B2C),Venta Directa,Hogar y Electro,Aspiradoras Robot,70.73,3,0.05,212.19,201.58,148.12,53.46,26.52,5,2
ORD-20250967,2025-10-12,Norteamérica,Estados Unidos,Corporativo,Distribuidores,Tecnología,Smartphones 5G,1392.41,23,0.15,32025.43,27221.62,19906.25,7315.37,26.87,5,1
ORD-20250923,2025-10-13,Latinoamérica,Colombia,Consumidor Final (B2C),Tienda Online,Tecnología,Laptops & Ultrabooks,910.1,2,0.1,1820.2,1638.18,1331.43,306.75,18.73,5,2
ORD-20251263,2025-10-13,Norteamérica,México,Consumidor Final (B2C),Venta Directa,Moda y Calzado,Ropa Casual,89.77,2,0.05,179.54,170.56,75.41,95.15,55.79,5,1
ORD-20251078,2025-10-14,Latinoamérica,Chile,Consumidor Final (B2C),Tienda Online,Mobiliario y Oficina,Sillas Ergonómicas,203.16,3,0.1,609.48,548.53,341.81,206.72,37.69,5,1
ORD-20250579,2025-10-14,Norteamérica,Estados Unidos,Consumidor Final (B2C),Tienda Online,Moda y Calzado,Accesorios y Bolsos,81.39,3,0.1,244.17,219.75,131.71,88.04,40.06,5,3
ORD-20250631,2025-10-14,Latinoamérica,Colombia,Empresas (B2B),Venta Directa,Moda y Calzado,Calzado Deportivo,50.16,8,0.15,401.28,341.09,195.58,145.51,42.66,4,4
ORD-20250462,2025-10-15,Latinoamérica,Argentina,Consumidor Final (B2C),Marketplace,Tecnología,Auriculares Inalámbricos,171.99,3,0.1,515.97,464.37,359.77,104.6,22.53,4,4
ORD-20250455,2025-10-15,Latinoamérica,Colombia,Consumidor Final (B2C),Tienda Online,Mobiliario y Oficina,Organizadores,169.75,1,0.05,169.75,161.26,86.47,74.79,46.38,3,4
ORD-20250282,2025-10-16,Europa,Alemania,Consumidor Final (B2C),Venta Directa,Tecnología,Auriculares Inalámbricos,852.94,1,0.1,852.94,767.65,618.26,149.39,19.46,5,3
ORD-20250300,2025-10-17,Europa,España,Corporativo,Tienda Online,Hogar y Electro,Cafeteras Express,245.49,15,0.2,3682.35,2945.88,2256.39,689.49,23.41,4,3
ORD-20251189,2025-10-17,Latinoamérica,Colombia,Empresas (B2B),Tienda Online,Tecnología,Laptops & Ultrabooks,779.29,4,0.05,3117.16,2961.3,2034.14,927.16,31.31,5,3
ORD-20250715,2025-10-18,Latinoamérica,Chile,Empresas (B2B),Distribuidores,Mobiliario y Oficina,Escritorios Regulables,250.11,9,0.05,2250.99,2138.44,1296.76,841.68,39.36,5,2
ORD-20251260,2025-10-18,Europa,Reino Unido,Empresas (B2B),Tienda Online,Mobiliario y Oficina,Organizadores,314.34,9,0.05,2829.06,2687.61,1784.83,902.78,33.59,3,2
ORD-20250427,2025-10-18,Europa,España,Consumidor Final (B2C),Distribuidores,Moda y Calzado,Abrigos Técnicos,108.22,1,0.1,108.22,97.4,51.59,45.81,47.03,4,4
ORD-20250286,2025-10-18,Europa,España,Corporativo,Venta Directa,Moda y Calzado,Ropa Casual,211.14,13,0.15,2744.82,2333.1,1222.77,1110.33,47.59,5,5
ORD-20250152,2025-10-19,Asia-Pacífico,Australia,Empresas (B2B),Venta Directa,Mobiliario y Oficina,Organizadores,405.93,6,0.1,2435.58,2192.02,1483.94,708.08,32.3,5,4
ORD-20250604,2025-10-19,Norteamérica,Estados Unidos,Consumidor Final (B2C),Marketplace,Mobiliario y Oficina,Organizadores,84.25,2,0.0,168.5,168.5,85.5,83.0,49.26,4,1
ORD-20250847,2025-10-19,Norteamérica,Canadá,Consumidor Final (B2C),Tienda Online,Moda y Calzado,Abrigos Técnicos,57.3,2,0.0,114.6,114.6,56.0,58.6,51.13,5,4
ORD-20251010,2025-10-20,Europa,Francia,Consumidor Final (B2C),Tienda Online,Mobiliario y Oficina,Lámparas LED,140.43,2,0.05,280.86,266.82,163.04,103.78,38.9,5,2
ORD-20250965,2025-10-20,Europa,Reino Unido,Consumidor Final (B2C),Tienda Online,Moda y Calzado,Calzado Deportivo,186.41,3,0.05,559.23,531.27,258.03,273.24,51.43,4,5
ORD-20250713,2025-10-20,Europa,Reino Unido,Empresas (B2B),Tienda Online,Tecnología,Smartphones 5G,566.17,9,0.05,5095.53,4840.75,3396.64,1444.11,29.83,5,1
ORD-20250644,2025-10-20,Latinoamérica,Chile,Consumidor Final (B2C),Tienda Online,Mobiliario y Oficina,Sillas Ergonómicas,102.56,1,0.0,102.56,102.56,55.83,46.73,45.56,5,3
ORD-20250233,2025-10-20,Norteamérica,Canadá,Consumidor Final (B2C),Venta Directa,Mobiliario y Oficina,Lámparas LED,383.32,2,0.05,766.64,728.31,385.96,342.35,47.01,5,3
ORD-20250076,2025-10-21,Asia-Pacífico,Japón,Consumidor Final (B2C),Marketplace,Tecnología,Smartphones 5G,1050.48,2,0.1,2100.96,1890.86,1262.18,628.68,33.25,5,2
ORD-20250023,2025-10-21,Latinoamérica,Argentina,Consumidor Final (B2C),Tienda Online,Mobiliario y Oficina,Escritorios Regulables,350.72,1,0.0,350.72,350.72,182.69,168.03,47.91,3,1
ORD-20250134,2025-10-22,Norteamérica,Canadá,Empresas (B2B),Tienda Online,Moda y Calzado,Ropa Casual,171.52,9,0.05,1543.68,1466.5,835.63,630.87,43.02,3,4
ORD-20250869,2025-10-23,Norteamérica,Estados Unidos,Empresas (B2B),Tienda Online,Tecnología,Laptops & Ultrabooks,1376.59,7,0.1,9636.13,8672.52,5871.94,2800.58,32.29,3,3
ORD-20250216,2025-10-23,Norteamérica,Estados Unidos,Empresas (B2B),Distribuidores,Mobiliario y Oficina,Sillas Ergonómicas,251.12,7,0.1,1757.84,1582.06,905.36,676.7,42.77,3,3
ORD-20250786,2025-10-23,Europa,España,Consumidor Final (B2C),Tienda Online,Tecnología,Smartphones 5G,1221.35,3,0.05,3664.05,3480.85,2208.75,1272.1,36.55,5,5
ORD-20250858,2025-10-23,Latinoamérica,Argentina,Consumidor Final (B2C),Tienda Online,Moda y Calzado,Calzado Deportivo,118.86,2,0.0,237.72,237.72,96.86,140.86,59.25,5,4
ORD-20250520,2025-10-24,Europa,Reino Unido,Consumidor Final (B2C),Distribuidores,Tecnología,Laptops & Ultrabooks,408.61,1,0.05,408.61,388.18,259.25,128.93,33.21,5,5
ORD-20251482,2025-10-24,Norteamérica,México,Consumidor Final (B2C),Tienda Online,Mobiliario y Oficina,Sillas Ergonómicas,103.52,1,0.1,103.52,93.17,57.49,35.68,38.3,5,1
ORD-20251446,2025-10-24,Norteamérica,Canadá,Consumidor Final (B2C),Marketplace,Hogar y Electro,Cafeteras Express,378.51,3,0.0,1135.53,1135.53,709.22,426.31,37.54,4,5
ORD-20250852,2025-10-25,Norteamérica,Canadá,Consumidor Final (B2C),Tienda Online,Moda y Calzado,Accesorios y Bolsos,170.03,3,0.05,510.09,484.59,263.95,220.64,45.53,5,5
ORD-20250904,2025-10-25,Europa,Francia,Empresas (B2B),Distribuidores,Hogar y Electro,Domótica,560.03,4,0.1,2240.12,2016.11,1314.44,701.67,34.8,5,3
ORD-20250951,2025-10-26,Latinoamérica,Chile,Consumidor Final (B2C),Tienda Online,Tecnología,Auriculares Inalámbricos,431.73,3,0.0,1295.19,1295.19,913.47,381.72,29.47,3,2
ORD-20250674,2025-10-27,Asia-Pacífico,Singapur,Corporativo,Tienda Online,Hogar y Electro,Domótica,338.71,6,0.15,2032.26,1727.42,1254.2,473.22,27.39,5,2
ORD-20250802,2025-10-27,Europa,Reino Unido,Consumidor Final (B2C),Venta Directa,Hogar y Electro,Cafeteras Express,294.1,1,0.0,294.1,294.1,191.72,102.38,34.81,5,1
ORD-20250359,2025-10-27,Latinoamérica,Chile,Consumidor Final (B2C),Distribuidores,Mobiliario y Oficina,Sillas Ergonómicas,109.89,1,0.0,109.89,109.89,61.81,48.08,43.75,4,4
ORD-20251280,2025-10-27,Norteamérica,México,Consumidor Final (B2C),Venta Directa,Mobiliario y Oficina,Organizadores,150.02,1,0.05,150.02,142.52,89.95,52.57,36.89,5,3
ORD-20250553,2025-10-27,Latinoamérica,Perú,Empresas (B2B),Tienda Online,Mobiliario y Oficina,Lámparas LED,200.21,8,0.1,1601.68,1441.51,803.92,637.59,44.23,5,1
ORD-20250920,2025-10-27,Asia-Pacífico,Corea del Sur,Corporativo,Tienda Online,Moda y Calzado,Ropa Casual,88.52,6,0.25,531.12,398.34,257.74,140.6,35.3,5,3
ORD-20251225,2025-10-28,Latinoamérica,Argentina,Empresas (B2B),Venta Directa,Moda y Calzado,Accesorios y Bolsos,183.31,5,0.15,916.55,779.07,385.43,393.64,50.53,4,1
ORD-20250062,2025-10-28,Latinoamérica,Colombia,Consumidor Final (B2C),Tienda Online,Moda y Calzado,Ropa Casual,209.95,2,0.0,419.9,419.9,219.9,200.0,47.63,5,1
ORD-20250724,2025-10-28,Norteamérica,Estados Unidos,Empresas (B2B),Venta Directa,Mobiliario y Oficina,Sillas Ergonómicas,120.43,3,0.1,361.29,325.16,197.06,128.1,39.4,3,5
ORD-20251144,2025-10-28,Norteamérica,Estados Unidos,Corporativo,Tienda Online,Moda y Calzado,Abrigos Técnicos,158.19,23,0.1,3638.37,3274.53,1660.42,1614.11,49.29,5,2
ORD-20250528,2025-10-28,Europa,Alemania,Consumidor Final (B2C),Tienda Online,Hogar y Electro,Domótica,132.77,1,0.1,132.77,119.49,88.99,30.5,25.53,4,3
ORD-20251416,2025-10-28,Latinoamérica,Chile,Corporativo,Venta Directa,Hogar y Electro,Purificadores de Aire,291.29,17,0.15,4951.93,4209.14,3363.86,845.28,20.08,5,5
ORD-20250680,2025-10-29,Europa,Alemania,Consumidor Final (B2C),Marketplace,Moda y Calzado,Accesorios y Bolsos,194.22,1,0.0,194.22,194.22,70.74,123.48,63.58,5,2
ORD-20250495,2025-10-29,Asia-Pacífico,Australia,Empresas (B2B),Tienda Online,Hogar y Electro,Cafeteras Express,394.29,5,0.15,1971.45,1675.73,1223.0,452.73,27.02,5,3
ORD-20251415,2025-10-30,Europa,Alemania,Consumidor Final (B2C),Distribuidores,Mobiliario y Oficina,Escritorios Regulables,358.01,2,0.05,716.02,680.22,373.98,306.24,45.02,4,4
ORD-20250108,2025-10-30,Norteamérica,Estados Unidos,Consumidor Final (B2C),Venta Directa,Tecnología,Accesorios,977.77,1,0.05,977.77,928.88,635.5,293.38,31.58,5,4
ORD-20250939,2025-10-30,Norteamérica,México,Consumidor Final (B2C),Tienda Online,Mobiliario y Oficina,Organizadores,118.22,1,0.0,118.22,118.22,75.46,42.76,36.17,4,3
ORD-20251335,2025-10-30,Europa,Francia,Consumidor Final (B2C),Distribuidores,Tecnología,Accesorios,258.61,2,0.0,517.22,517.22,372.32,144.9,28.02,5,1
ORD-20250874,2025-10-31,Latinoamérica,Perú,Corporativo,Tienda Online,Mobiliario y Oficina,Escritorios Regulables,449.53,23,0.25,10339.19,7754.39,6481.68,1272.71,16.41,4,3
ORD-20251013,2025-10-31,Europa,Alemania,Consumidor Final (B2C),Tienda Online,Tecnología,Auriculares Inalámbricos,925.26,3,0.1,2775.78,2498.2,2022.72,475.48,19.03,4,1
ORD-20250996,2025-10-31,Norteamérica,Estados Unidos,Consumidor Final (B2C),Venta Directa,Tecnología,Auriculares Inalámbricos,695.96,2,0.1,1391.92,1252.73,853.01,399.72,31.91,5,4
ORD-20250813,2025-10-31,Norteamérica,México,Consumidor Final (B2C),Tienda Online,Tecnología,Laptops & Ultrabooks,1141.98,2,0.1,2283.96,2055.56,1404.94,650.62,31.65,5,4
ORD-20251239,2025-10-31,Europa,Francia,Consumidor Final (B2C),Distribuidores,Hogar y Electro,Cafeteras Express,516.37,2,0.1,1032.74,929.47,716.02,213.45,22.96,4,3
ORD-20250066,2025-11-01,Latinoamérica,Colombia,Consumidor Final (B2C),Venta Directa,Hogar y Electro,Aspiradoras Robot,139.11,3,0.0,417.33,417.33,260.6,156.73,37.56,5,2
ORD-20250523,2025-11-01,Norteamérica,Estados Unidos,Consumidor Final (B2C),Tienda Online,Mobiliario y Oficina,Lámparas LED,280.52,2,0.0,561.04,561.04,346.49,214.55,38.24,3,2
ORD-20250141,2025-11-01,Europa,Francia,Consumidor Final (B2C),Distribuidores,Tecnología,Auriculares Inalámbricos,444.9,3,0.0,1334.7,1334.7,880.1,454.6,34.06,5,2
ORD-20250046,2025-11-01,Norteamérica,México,Empresas (B2B),Distribuidores,Hogar y Electro,Aspiradoras Robot,344.27,3,0.15,1032.81,877.89,697.96,179.93,20.5,4,2
ORD-20251116,2025-11-01,Asia-Pacífico,Australia,Empresas (B2B),Venta Directa,Moda y Calzado,Ropa Casual,145.58,3,0.1,436.74,393.07,222.03,171.04,43.51,5,4
ORD-20250830,2025-11-01,Latinoamérica,Brasil,Corporativo,Tienda Online,Tecnología,Laptops & Ultrabooks,981.22,15,0.1,14718.3,13246.47,10295.73,2950.74,22.28,5,5
ORD-20250586,2025-11-02,Norteamérica,Canadá,Consumidor Final (B2C),Venta Directa,Tecnología,Accesorios,589.33,3,0.05,1767.99,1679.59,1164.51,515.08,30.67,3,5
ORD-20250366,2025-11-02,Europa,Francia,Consumidor Final (B2C),Tienda Online,Hogar y Electro,Purificadores de Aire,435.86,1,0.0,435.86,435.86,266.47,169.39,38.86,4,3
ORD-20250197,2025-11-03,Norteamérica,Canadá,Consumidor Final (B2C),Tienda Online,Tecnología,Laptops & Ultrabooks,1332.96,3,0.0,3998.88,3998.88,2477.27,1521.61,38.05,5,1
ORD-20250470,2025-11-03,Norteamérica,Canadá,Empresas (B2B),Tienda Online,Tecnología,Laptops & Ultrabooks,1183.68,3,0.1,3551.04,3195.94,2369.59,826.35,25.86,5,4
ORD-20251002,2025-11-04,Norteamérica,Canadá,Consumidor Final (B2C),Tienda Online,Tecnología,Laptops & Ultrabooks,622.95,1,0.0,622.95,622.95,456.78,166.17,26.67,5,2
ORD-20251163,2025-11-04,Latinoamérica,Perú,Consumidor Final (B2C),Tienda Online,Tecnología,Smartphones 5G,522.88,3,0.05,1568.64,1490.21,953.64,536.57,36.01,5,2
ORD-20250267,2025-11-04,Europa,Alemania,Consumidor Final (B2C),Tienda Online,Tecnología,Auriculares Inalámbricos,499.17,1,0.0,499.17,499.17,306.23,192.94,38.65,4,5
ORD-20250384,2025-11-05,Europa,Francia,Empresas (B2B),Distribuidores,Tecnología,Accesorios,1388.94,6,0.1,8333.64,7500.28,5864.94,1635.34,21.8,5,3
ORD-20250905,2025-11-06,Asia-Pacífico,Singapur,Empresas (B2B),Distribuidores,Mobiliario y Oficina,Escritorios Regulables,59.0,8,0.15,472.0,401.2,275.68,125.52,31.29,5,2
ORD-20250446,2025-11-06,Latinoamérica,Colombia,Empresas (B2B),Distribuidores,Moda y Calzado,Ropa Casual,33.12,5,0.15,165.6,140.76,76.88,63.88,45.38,5,5
ORD-20250961,2025-11-06,Europa,Francia,Corporativo,Distribuidores,Mobiliario y Oficina,Sillas Ergonómicas,430.34,15,0.1,6455.1,5809.59,3993.95,1815.64,31.25,5,1
ORD-20250940,2025-11-06,Norteamérica,Canadá,Consumidor Final (B2C),Marketplace,Mobiliario y Oficina,Escritorios Regulables,85.27,1,0.1,85.27,76.74,52.96,23.78,30.99,5,1
ORD-20250695,2025-11-07,Norteamérica,Canadá,Empresas (B2B),Distribuidores,Mobiliario y Oficina,Sillas Ergonómicas,104.25,8,0.1,834.0,750.6,506.99,243.61,32.46,3,3
ORD-20251207,2025-11-07,Latinoamérica,Brasil,Corporativo,Marketplace,Moda y Calzado,Calzado Deportivo,203.62,15,0.15,3054.3,2596.16,1272.53,1323.63,50.98,5,4
ORD-20250057,2025-11-07,Norteamérica,Estados Unidos,Consumidor Final (B2C),Marketplace,Moda y Calzado,Abrigos Técnicos,53.99,2,0.05,107.98,102.58,39.64,62.94,61.36,5,1
ORD-20250875,2025-11-08,Europa,Alemania,Empresas (B2B),Tienda Online,Tecnología,Laptops & Ultrabooks,583.68,9,0.05,5253.12,4990.46,3363.64,1626.82,32.6,5,1
ORD-20250171,2025-11-08,Latinoamérica,Brasil,Consumidor Final (B2C),Tienda Online,Tecnología,Laptops & Ultrabooks,540.44,3,0.05,1621.32,1540.25,1169.35,370.9,24.08,5,2
ORD-20250467,2025-11-08,Norteamérica,México,Consumidor Final (B2C),Distribuidores,Tecnología,Laptops & Ultrabooks,567.06,1,0.0,567.06,567.06,360.71,206.35,36.39,4,4
ORD-20250850,2025-11-08,Europa,Reino Unido,Empresas (B2B),Tienda Online,Hogar y Electro,Domótica,375.34,5,0.1,1876.7,1689.03,1177.15,511.88,30.31,5,2
ORD-20251348,2025-11-08,Europa,Francia,Consumidor Final (B2C),Tienda Online,Mobiliario y Oficina,Escritorios Regulables,299.54,1,0.1,299.54,269.59,202.6,66.99,24.85,4,3
ORD-20250486,2025-11-08,Norteamérica,México,Consumidor Final (B2C),Tienda Online,Moda y Calzado,Calzado Deportivo,100.32,2,0.1,200.64,180.58,106.16,74.42,41.21,4,2
ORD-20251262,2025-11-08,Norteamérica,Canadá,Consumidor Final (B2C),Distribuidores,Tecnología,Smartphones 5G,203.16,3,0.05,609.48,579.01,402.51,176.5,30.48,4,4
ORD-20250083,2025-11-08,Norteamérica,Estados Unidos,Empresas (B2B),Venta Directa,Moda y Calzado,Accesorios y Bolsos,116.95,4,0.1,467.8,421.02,182.79,238.23,56.58,3,3
ORD-20250945,2025-11-09,Norteamérica,Estados Unidos,Consumidor Final (B2C),Tienda Online,Tecnología,Smartphones 5G,246.19,3,0.0,738.57,738.57,500.25,238.32,32.27,4,4
ORD-20250650,2025-11-09,Norteamérica,México,Consumidor Final (B2C),Distribuidores,Tecnología,Accesorios,782.22,3,0.0,2346.66,2346.66,1478.29,868.37,37.0,5,3
ORD-20251450,2025-11-09,Europa,Alemania,Consumidor Final (B2C),Distribuidores,Hogar y Electro,Domótica,79.64,3,0.1,238.92,215.03,152.95,62.08,28.87,3,4
ORD-20250710,2025-11-09,Europa,Francia,Consumidor Final (B2C),Venta Directa,Tecnología,Laptops & Ultrabooks,779.3,2,0.0,1558.6,1558.6,1010.21,548.39,35.18,4,4
ORD-20250370,2025-11-09,Latinoamérica,Perú,Consumidor Final (B2C),Venta Directa,Moda y Calzado,Ropa Casual,40.88,2,0.1,81.76,73.58,33.4,40.18,54.61,5,2
ORD-20250091,2025-11-10,Europa,Reino Unido,Empresas (B2B),Tienda Online,Hogar y Electro,Domótica,448.89,9,0.1,4040.01,3636.01,2584.23,1051.78,28.93,5,2
ORD-20251458,2025-11-10,Norteamérica,México,Consumidor Final (B2C),Distribuidores,Hogar y Electro,Purificadores de Aire,254.27,2,0.0,508.54,508.54,329.03,179.51,35.3,4,4
ORD-20251199,2025-11-10,Norteamérica,México,Consumidor Final (B2C),Tienda Online,Tecnología,Smartphones 5G,1162.05,1,0.05,1162.05,1103.95,789.19,314.76,28.51,3,3
ORD-20250227,2025-11-11,Latinoamérica,Brasil,Empresas (B2B),Distribuidores,Moda y Calzado,Accesorios y Bolsos,54.37,9,0.05,489.33,464.86,216.67,248.19,53.39,4,5
ORD-20250608,2025-11-11,Latinoamérica,Argentina,Consumidor Final (B2C),Tienda Online,Hogar y Electro,Domótica,366.55,1,0.0,366.55,366.55,248.84,117.71,32.11,4,3
ORD-20251181,2025-11-11,Asia-Pacífico,Australia,Corporativo,Tienda Online,Tecnología,Smartphones 5G,1286.79,7,0.2,9007.53,7206.02,6009.95,1196.07,16.6,5,1
ORD-20250492,2025-11-11,Norteamérica,México,Corporativo,Marketplace,Mobiliario y Oficina,Escritorios Regulables,120.81,5,0.25,604.05,453.04,360.81,92.23,20.36,5,1
ORD-20251393,2025-11-12,Norteamérica,Estados Unidos,Consumidor Final (B2C),Distribuidores,Tecnología,Smartphones 5G,694.21,2,0.05,1388.42,1319.0,997.4,321.6,24.38,4,3
ORD-20251475,2025-11-12,Europa,Reino Unido,Consumidor Final (B2C),Tienda Online,Tecnología,Auriculares Inalámbricos,1294.88,1,0.1,1294.88,1165.39,917.2,248.19,21.3,3,3
ORD-20250439,2025-11-12,Norteamérica,Canadá,Empresas (B2B),Tienda Online,Tecnología,Accesorios,183.63,5,0.05,918.15,872.24,561.62,310.62,35.61,5,4
ORD-20250924,2025-11-13,Latinoamérica,Chile,Corporativo,Tienda Online,Tecnología,Auriculares Inalámbricos,650.31,10,0.15,6503.1,5527.64,4168.2,1359.44,24.59,5,2
ORD-20250948,2025-11-13,Norteamérica,México,Empresas (B2B),Tienda Online,Moda y Calzado,Accesorios y Bolsos,158.15,3,0.05,474.45,450.73,197.62,253.11,56.16,5,1
ORD-20251387,2025-11-14,Europa,Francia,Empresas (B2B),Tienda Online,Tecnología,Monitores 4K,769.76,8,0.15,6158.08,5234.37,3991.59,1242.78,23.74,3,5
ORD-20251167,2025-11-14,Latinoamérica,Chile,Consumidor Final (B2C),Venta Directa,Mobiliario y Oficina,Sillas Ergonómicas,170.65,3,0.05,511.95,486.35,294.62,191.73,39.42,3,5
ORD-20250623,2025-11-14,Latinoamérica,Colombia,Corporativo,Distribuidores,Mobiliario y Oficina,Sillas Ergonómicas,303.91,8,0.25,2431.28,1823.46,1420.17,403.29,22.12,5,2
ORD-20250158,2025-11-15,Europa,Reino Unido,Corporativo,Venta Directa,Mobiliario y Oficina,Escritorios Regulables,398.22,24,0.15,9557.28,8123.69,4986.04,3137.65,38.62,5,3
ORD-20250609,2025-11-15,Asia-Pacífico,Singapur,Consumidor Final (B2C),Distribuidores,Tecnología,Accesorios,1072.22,1,0.1,1072.22,965.0,726.51,238.49,24.71,4,2
ORD-20251077,2025-11-15,Norteamérica,México,Corporativo,Venta Directa,Moda y Calzado,Abrigos Técnicos,88.82,23,0.1,2042.86,1838.57,916.74,921.83,50.14,4,4
ORD-20251136,2025-11-15,Norteamérica,Canadá,Empresas (B2B),Venta Directa,Moda y Calzado,Accesorios y Bolsos,214.23,4,0.1,856.92,771.23,419.33,351.9,45.63,5,3
ORD-20250748,2025-11-15,Asia-Pacífico,Japón,Consumidor Final (B2C),Tienda Online,Moda y Calzado,Ropa Casual,145.91,1,0.05,145.91,138.61,55.74,82.87,59.79,3,1
ORD-20250252,2025-11-16,Latinoamérica,Brasil,Consumidor Final (B2C),Venta Directa,Hogar y Electro,Domótica,199.4,1,0.05,199.4,189.43,115.19,74.24,39.19,4,1
ORD-20251204,2025-11-16,Norteamérica,Canadá,Empresas (B2B),Venta Directa,Moda y Calzado,Abrigos Técnicos,25.85,4,0.05,103.4,98.23,55.48,42.75,43.52,4,2
ORD-20251180,2025-11-16,Europa,Francia,Consumidor Final (B2C),Tienda Online,Mobiliario y Oficina,Organizadores,391.47,3,0.05,1174.41,1115.69,708.79,406.9,36.47,4,5
ORD-20251161,2025-11-16,Latinoamérica,Brasil,Consumidor Final (B2C),Venta Directa,Moda y Calzado,Calzado Deportivo,121.19,2,0.05,242.38,230.26,93.61,136.65,59.35,5,4
ORD-20250976,2025-11-16,Norteamérica,Canadá,Consumidor Final (B2C),Tienda Online,Mobiliario y Oficina,Escritorios Regulables,107.36,3,0.05,322.08,305.98,171.45,134.53,43.97,4,3
ORD-20250653,2025-11-17,Norteamérica,México,Consumidor Final (B2C),Distribuidores,Moda y Calzado,Accesorios y Bolsos,107.91,3,0.0,323.73,323.73,167.16,156.57,48.36,5,5
ORD-20251256,2025-11-17,Norteamérica,Estados Unidos,Empresas (B2B),Venta Directa,Moda y Calzado,Calzado Deportivo,177.97,6,0.15,1067.82,907.65,440.41,467.24,51.48,5,3
ORD-20250028,2025-11-17,Norteamérica,México,Consumidor Final (B2C),Tienda Online,Mobiliario y Oficina,Sillas Ergonómicas,433.0,3,0.0,1299.0,1299.0,724.16,574.84,44.25,5,4
ORD-20251285,2025-11-17,Latinoamérica,Brasil,Empresas (B2B),Marketplace,Hogar y Electro,Purificadores de Aire,592.01,8,0.15,4736.08,4025.67,3115.24,910.43,22.62,4,5
ORD-20250211,2025-11-18,Europa,Alemania,Corporativo,Tienda Online,Tecnología,Auriculares Inalámbricos,1119.33,6,0.1,6715.98,6044.38,4909.77,1134.61,18.77,5,2
ORD-20250507,2025-11-18,Europa,Alemania,Consumidor Final (B2C),Tienda Online,Moda y Calzado,Abrigos Técnicos,129.24,1,0.0,129.24,129.24,56.02,73.22,56.65,5,3
ORD-20251097,2025-11-19,Europa,Alemania,Consumidor Final (B2C),Tienda Online,Moda y Calzado,Calzado Deportivo,145.28,1,0.0,145.28,145.28,62.85,82.43,56.74,5,4
ORD-20251106,2025-11-19,Norteamérica,Estados Unidos,Consumidor Final (B2C),Tienda Online,Mobiliario y Oficina,Sillas Ergonómicas,206.84,3,0.0,620.52,620.52,368.59,251.93,40.6,5,3
ORD-20250781,2025-11-19,Latinoamérica,Brasil,Consumidor Final (B2C),Tienda Online,Mobiliario y Oficina,Organizadores,444.33,2,0.1,888.66,799.79,560.67,239.12,29.9,4,2
ORD-20251089,2025-11-19,Europa,Reino Unido,Empresas (B2B),Distribuidores,Mobiliario y Oficina,Organizadores,110.37,9,0.05,993.33,943.66,591.79,351.87,37.29,4,5
ORD-20251053,2025-11-19,Latinoamérica,Colombia,Consumidor Final (B2C),Distribuidores,Moda y Calzado,Accesorios y Bolsos,77.83,1,0.1,77.83,70.05,33.36,36.69,52.38,4,2
ORD-20250814,2025-11-20,Latinoamérica,Colombia,Consumidor Final (B2C),Tienda Online,Tecnología,Laptops & Ultrabooks,723.42,3,0.1,2170.26,1953.23,1521.37,431.86,22.11,5,1
ORD-20250868,2025-11-20,Europa,Reino Unido,Empresas (B2B),Marketplace,Moda y Calzado,Abrigos Técnicos,199.16,5,0.1,995.8,896.22,547.33,348.89,38.93,3,5
ORD-20250561,2025-11-20,Europa,Reino Unido,Consumidor Final (B2C),Distribuidores,Tecnología,Laptops & Ultrabooks,846.57,2,0.05,1693.14,1608.48,1059.25,549.23,34.15,4,3
ORD-20250071,2025-11-20,Norteamérica,México,Consumidor Final (B2C),Marketplace,Mobiliario y Oficina,Organizadores,40.1,1,0.0,40.1,40.1,22.82,17.28,43.09,5,3
ORD-20250120,2025-11-20,Latinoamérica,Chile,Consumidor Final (B2C),Venta Directa,Hogar y Electro,Cafeteras Express,174.83,1,0.1,174.83,157.35,109.75,47.6,30.25,4,4
ORD-20250123,2025-11-21,Asia-Pacífico,Australia,Empresas (B2B),Tienda Online,Mobiliario y Oficina,Escritorios Regulables,441.79,7,0.05,3092.53,2937.9,1870.47,1067.43,36.33,5,4
ORD-20250402,2025-11-21,Norteamérica,Canadá,Empresas (B2B),Marketplace,Tecnología,Accesorios,742.47,9,0.1,6682.23,6014.01,4877.81,1136.2,18.89,5,4
ORD-20250412,2025-11-21,Latinoamérica,Argentina,Corporativo,Venta Directa,Moda y Calzado,Calzado Deportivo,121.23,24,0.25,2909.52,2182.14,1027.56,1154.58,52.91,5,5
ORD-20250050,2025-11-21,Europa,Alemania,Consumidor Final (B2C),Tienda Online,Moda y Calzado,Abrigos Técnicos,137.61,1,0.0,137.61,137.61,58.94,78.67,57.17,5,5
ORD-20251344,2025-11-21,Norteamérica,Estados Unidos,Consumidor Final (B2C),Venta Directa,Tecnología,Smartphones 5G,1013.11,2,0.05,2026.22,1924.91,1436.93,487.98,25.35,4,3
ORD-20250768,2025-11-21,Europa,Francia,Consumidor Final (B2C),Marketplace,Mobiliario y Oficina,Sillas Ergonómicas,404.89,1,0.1,404.89,364.4,210.98,153.42,42.1,4,3
ORD-20251322,2025-11-21,Europa,Alemania,Consumidor Final (B2C),Distribuidores,Tecnología,Auriculares Inalámbricos,1367.15,1,0.1,1367.15,1230.44,880.09,350.35,28.47,4,2
ORD-20251227,2025-11-21,Asia-Pacífico,Corea del Sur,Consumidor Final (B2C),Tienda Online,Tecnología,Monitores 4K,976.1,1,0.1,976.1,878.49,638.93,239.56,27.27,4,3
ORD-20250540,2025-11-22,Europa,Alemania,Empresas (B2B),Venta Directa,Tecnología,Auriculares Inalámbricos,419.4,7,0.15,2935.8,2495.43,1836.24,659.19,26.42,5,1
ORD-20250109,2025-11-22,Norteamérica,Estados Unidos,Consumidor Final (B2C),Venta Directa,Tecnología,Auriculares Inalámbricos,345.23,2,0.05,690.46,655.94,458.05,197.89,30.17,5,4
ORD-20251350,2025-11-22,Norteamérica,México,Consumidor Final (B2C),Tienda Online,Hogar y Electro,Aspiradoras Robot,278.52,1,0.05,278.52,264.59,189.08,75.51,28.54,4,2
ORD-20250692,2025-11-22,Norteamérica,Canadá,Consumidor Final (B2C),Marketplace,Tecnología,Accesorios,150.68,3,0.05,452.04,429.44,308.84,120.6,28.08,3,1
ORD-20250829,2025-11-22,Norteamérica,Estados Unidos,Corporativo,Venta Directa,Tecnología,Monitores 4K,298.23,24,0.2,7157.52,5726.02,5038.83,687.19,12.0,5,2
ORD-20251369,2025-11-22,Norteamérica,Canadá,Consumidor Final (B2C),Tienda Online,Mobiliario y Oficina,Sillas Ergonómicas,441.66,3,0.0,1324.98,1324.98,671.86,653.12,49.29,5,5
ORD-20250431,2025-11-23,Norteamérica,Canadá,Empresas (B2B),Tienda Online,Moda y Calzado,Calzado Deportivo,43.46,7,0.1,304.22,273.8,136.85,136.95,50.02,5,1
ORD-20251420,2025-11-23,Latinoamérica,Colombia,Consumidor Final (B2C),Tienda Online,Tecnología,Smartphones 5G,738.58,3,0.0,2215.74,2215.74,1642.21,573.53,25.88,4,4
ORD-20250910,2025-11-23,Latinoamérica,Brasil,Corporativo,Distribuidores,Tecnología,Auriculares Inalámbricos,683.1,10,0.2,6831.0,5464.8,4719.55,745.25,13.64,4,2
ORD-20250290,2025-11-23,Latinoamérica,Argentina,Consumidor Final (B2C),Distribuidores,Mobiliario y Oficina,Sillas Ergonómicas,45.29,1,0.0,45.29,45.29,27.27,18.02,39.79,4,2
ORD-20250241,2025-11-23,Europa,Francia,Consumidor Final (B2C),Marketplace,Mobiliario y Oficina,Sillas Ergonómicas,111.95,3,0.0,335.85,335.85,202.95,132.9,39.57,5,4
ORD-20251361,2025-11-23,Norteamérica,México,Empresas (B2B),Tienda Online,Tecnología,Laptops & Ultrabooks,228.86,3,0.15,686.58,583.59,466.55,117.04,20.06,4,4
ORD-20250140,2025-11-24,Latinoamérica,Chile,Consumidor Final (B2C),Venta Directa,Mobiliario y Oficina,Organizadores,412.78,1,0.05,412.78,392.14,243.38,148.76,37.94,4,4
ORD-20250771,2025-11-24,Norteamérica,México,Empresas (B2B),Venta Directa,Tecnología,Auriculares Inalámbricos,298.51,4,0.1,1194.04,1074.64,777.93,296.71,27.61,4,5
ORD-20250712,2025-11-24,Norteamérica,México,Empresas (B2B),Tienda Online,Tecnología,Laptops & Ultrabooks,360.08,5,0.1,1800.4,1620.36,1126.9,493.46,30.45,4,2
ORD-20251058,2025-11-24,Asia-Pacífico,Australia,Consumidor Final (B2C),Tienda Online,Tecnología,Monitores 4K,732.05,2,0.0,1464.1,1464.1,1003.36,460.74,31.47,5,2
ORD-20250377,2025-11-24,Norteamérica,Canadá,Empresas (B2B),Distribuidores,Mobiliario y Oficina,Sillas Ergonómicas,396.54,6,0.1,2379.24,2141.32,1361.42,779.9,36.42,5,1
ORD-20250620,2025-11-25,Norteamérica,México,Consumidor Final (B2C),Distribuidores,Moda y Calzado,Ropa Casual,96.6,2,0.1,193.2,173.88,80.71,93.17,53.58,4,4
ORD-20251112,2025-11-25,Norteamérica,Estados Unidos,Empresas (B2B),Marketplace,Hogar y Electro,Domótica,160.65,8,0.1,1285.2,1156.68,797.14,359.54,31.08,4,4
ORD-20250791,2025-11-25,Asia-Pacífico,Japón,Consumidor Final (B2C),Tienda Online,Mobiliario y Oficina,Escritorios Regulables,193.12,1,0.05,193.12,183.46,100.55,82.91,45.19,5,5
ORD-20251334,2025-11-25,Latinoamérica,Brasil,Empresas (B2B),Distribuidores,Moda y Calzado,Ropa Casual,94.92,3,0.1,284.76,256.28,115.72,140.56,54.85,5,3
ORD-20250886,2025-11-25,Asia-Pacífico,Japón,Consumidor Final (B2C),Tienda Online,Hogar y Electro,Aspiradoras Robot,276.52,3,0.05,829.56,788.08,469.87,318.21,40.38,4,5
ORD-20251062,2025-11-25,Norteamérica,Estados Unidos,Consumidor Final (B2C),Venta Directa,Tecnología,Accesorios,191.6,2,0.05,383.2,364.04,275.74,88.3,24.26,3,4
ORD-20251092,2025-11-26,Latinoamérica,Chile,Consumidor Final (B2C),Marketplace,Tecnología,Smartphones 5G,1131.62,3,0.0,3394.86,3394.86,2537.41,857.45,25.26,4,3
ORD-20251135,2025-11-26,Norteamérica,Estados Unidos,Empresas (B2B),Distribuidores,Hogar y Electro,Aspiradoras Robot,532.67,3,0.15,1598.01,1358.31,944.3,414.01,30.48,5,3
ORD-20251375,2025-11-26,Europa,Alemania,Corporativo,Tienda Online,Tecnología,Laptops & Ultrabooks,404.62,24,0.2,9710.88,7768.7,6881.11,887.59,11.43,4,2
ORD-20250761,2025-11-26,Norteamérica,Estados Unidos,Corporativo,Tienda Online,Hogar y Electro,Cafeteras Express,326.59,12,0.15,3919.08,3331.22,2260.27,1070.95,32.15,5,3
ORD-20250668,2025-11-26,Europa,España,Empresas (B2B),Tienda Online,Mobiliario y Oficina,Escritorios Regulables,347.35,6,0.1,2084.1,1875.69,1067.04,808.65,43.11,5,2
ORD-20250957,2025-11-26,Norteamérica,México,Consumidor Final (B2C),Venta Directa,Tecnología,Smartphones 5G,998.38,2,0.05,1996.76,1896.92,1210.92,686.0,36.16,4,1
ORD-20250338,2025-11-27,Europa,Francia,Consumidor Final (B2C),Tienda Online,Tecnología,Auriculares Inalámbricos,1040.98,1,0.0,1040.98,1040.98,684.79,356.19,34.22,5,2
ORD-20250022,2025-11-27,Norteamérica,México,Empresas (B2B),Tienda Online,Tecnología,Accesorios,308.75,2,0.15,617.5,524.88,393.68,131.2,25.0,5,1
ORD-20250265,2025-11-27,Europa,Alemania,Consumidor Final (B2C),Tienda Online,Tecnología,Monitores 4K,1175.8,2,0.0,2351.6,2351.6,1518.41,833.19,35.43,4,2
ORD-20250295,2025-11-27,Europa,España,Consumidor Final (B2C),Tienda Online,Hogar y Electro,Aspiradoras Robot,119.82,2,0.05,239.64,227.66,150.44,77.22,33.92,4,1
ORD-20251315,2025-11-28,Asia-Pacífico,Japón,Consumidor Final (B2C),Venta Directa,Tecnología,Monitores 4K,672.34,3,0.05,2017.02,1916.17,1473.27,442.9,23.11,5,4
ORD-20250694,2025-11-28,Latinoamérica,Colombia,Consumidor Final (B2C),Distribuidores,Hogar y Electro,Aspiradoras Robot,547.79,2,0.05,1095.58,1040.8,754.98,285.82,27.46,5,2
ORD-20250433,2025-11-28,Norteamérica,Canadá,Empresas (B2B),Distribuidores,Moda y Calzado,Calzado Deportivo,147.83,6,0.15,886.98,753.93,382.43,371.5,49.28,5,2
ORD-20250330,2025-11-28,Europa,España,Corporativo,Tienda Online,Tecnología,Monitores 4K,723.35,18,0.25,13020.3,9765.22,9031.35,733.87,7.52,5,3
ORD-20250930,2025-11-28,Europa,Alemania,Corporativo,Tienda Online,Moda y Calzado,Accesorios y Bolsos,74.7,22,0.1,1643.4,1479.06,811.96,667.1,45.1,5,2
ORD-20250375,2025-11-28,Europa,Alemania,Empresas (B2B),Distribuidores,Hogar y Electro,Purificadores de Aire,434.74,8,0.1,3477.92,3130.13,2077.54,1052.59,33.63,4,3
ORD-20250559,2025-11-28,Norteamérica,Estados Unidos,Empresas (B2B),Distribuidores,Hogar y Electro,Purificadores de Aire,354.97,4,0.15,1419.88,1206.9,783.58,423.32,35.07,5,4
ORD-20251243,2025-11-29,Norteamérica,Estados Unidos,Empresas (B2B),Venta Directa,Moda y Calzado,Ropa Casual,51.37,2,0.1,102.74,92.47,42.54,49.93,54.0,5,4
ORD-20251017,2025-11-29,Norteamérica,México,Consumidor Final (B2C),Tienda Online,Tecnología,Accesorios,969.04,3,0.1,2907.12,2616.41,1967.04,649.37,24.82,4,3
ORD-20250226,2025-11-29,Norteamérica,Canadá,Consumidor Final (B2C),Venta Directa,Hogar y Electro,Cafeteras Express,461.53,1,0.0,461.53,461.53,290.44,171.09,37.07,5,5
ORD-20251194,2025-11-29,Europa,España,Consumidor Final (B2C),Distribuidores,Tecnología,Auriculares Inalámbricos,1065.27,2,0.05,2130.54,2024.01,1536.86,487.15,24.07,5,1
ORD-20251381,2025-11-29,Asia-Pacífico,Japón,Consumidor Final (B2C),Tienda Online,Tecnología,Accesorios,148.12,1,0.05,148.12,140.71,105.88,34.83,24.75,3,3
ORD-20250155,2025-11-29,Norteamérica,Estados Unidos,Consumidor Final (B2C),Tienda Online,Mobiliario y Oficina,Lámparas LED,293.0,1,0.1,293.0,263.7,192.9,70.8,26.85,5,5
ORD-20251224,2025-11-30,Norteamérica,Canadá,Consumidor Final (B2C),Venta Directa,Moda y Calzado,Ropa Casual,192.06,3,0.0,576.18,576.18,296.25,279.93,48.58,5,3
ORD-20250161,2025-11-30,Norteamérica,Estados Unidos,Consumidor Final (B2C),Tienda Online,Tecnología,Auriculares Inalámbricos,113.59,2,0.1,227.18,204.46,147.91,56.55,27.66,3,3
ORD-20250136,2025-11-30,Norteamérica,México,Consumidor Final (B2C),Distribuidores,Moda y Calzado,Abrigos Técnicos,178.6,2,0.0,357.2,357.2,160.35,196.85,55.11,5,5
ORD-20251026,2025-11-30,Norteamérica,Canadá,Empresas (B2B),Venta Directa,Hogar y Electro,Purificadores de Aire,480.5,5,0.1,2402.5,2162.25,1339.61,822.64,38.05,5,2
ORD-20250532,2025-12-02,Norteamérica,Estados Unidos,Consumidor Final (B2C),Tienda Online,Moda y Calzado,Calzado Deportivo,146.86,2,0.05,293.72,279.03,157.55,121.48,43.54,4,4
ORD-20250902,2025-12-02,Europa,Francia,Consumidor Final (B2C),Tienda Online,Mobiliario y Oficina,Escritorios Regulables,103.74,1,0.1,103.74,93.37,56.55,36.82,39.43,4,1
ORD-20251296,2025-12-02,Norteamérica,México,Consumidor Final (B2C),Distribuidores,Hogar y Electro,Purificadores de Aire,439.21,2,0.05,878.42,834.5,510.92,323.58,38.78,5,5
ORD-20250752,2025-12-03,Norteamérica,Canadá,Consumidor Final (B2C),Tienda Online,Tecnología,Smartphones 5G,880.52,2,0.05,1761.04,1672.99,1294.8,378.19,22.61,5,3
ORD-20250917,2025-12-04,Asia-Pacífico,Japón,Corporativo,Tienda Online,Mobiliario y Oficina,Lámparas LED,278.33,12,0.2,3339.96,2671.97,1829.93,842.04,31.51,5,1
ORD-20250698,2025-12-04,Asia-Pacífico,Japón,Consumidor Final (B2C),Tienda Online,Mobiliario y Oficina,Sillas Ergonómicas,438.92,3,0.05,1316.76,1250.92,722.2,528.72,42.27,5,2
ORD-20251351,2025-12-04,Europa,Alemania,Consumidor Final (B2C),Tienda Online,Moda y Calzado,Abrigos Técnicos,180.43,3,0.05,541.29,514.23,195.95,318.28,61.89,4,4
ORD-20251235,2025-12-04,Norteamérica,México,Corporativo,Tienda Online,Tecnología,Monitores 4K,996.0,24,0.25,23904.0,17928.0,15706.59,2221.41,12.39,5,3
ORD-20250979,2025-12-05,Europa,Alemania,Consumidor Final (B2C),Tienda Online,Tecnología,Auriculares Inalámbricos,445.2,1,0.0,445.2,445.2,288.09,157.11,35.29,4,5
ORD-20250454,2025-12-05,Asia-Pacífico,Japón,Empresas (B2B),Distribuidores,Hogar y Electro,Domótica,216.93,2,0.05,433.86,412.17,259.25,152.92,37.1,5,1
ORD-20250390,2025-12-05,Asia-Pacífico,Corea del Sur,Consumidor Final (B2C),Venta Directa,Moda y Calzado,Ropa Casual,147.85,2,0.05,295.7,280.91,112.03,168.88,60.12,3,4
ORD-20250635,2025-12-05,Norteamérica,Estados Unidos,Consumidor Final (B2C),Venta Directa,Hogar y Electro,Domótica,429.44,2,0.0,858.88,858.88,499.05,359.83,41.9,5,5
ORD-20250630,2025-12-06,Norteamérica,Estados Unidos,Consumidor Final (B2C),Marketplace,Hogar y Electro,Cafeteras Express,443.29,3,0.05,1329.87,1263.38,740.81,522.57,41.36,5,3
ORD-20250010,2025-12-06,Norteamérica,Estados Unidos,Consumidor Final (B2C),Tienda Online,Hogar y Electro,Aspiradoras Robot,189.65,2,0.1,379.3,341.37,236.91,104.46,30.6,4,1
ORD-20250149,2025-12-06,Norteamérica,México,Consumidor Final (B2C),Venta Directa,Tecnología,Laptops & Ultrabooks,673.79,2,0.0,1347.58,1347.58,917.84,429.74,31.89,3,1
ORD-20251478,2025-12-06,Norteamérica,Estados Unidos,Corporativo,Distribuidores,Mobiliario y Oficina,Lámparas LED,290.16,9,0.1,2611.44,2350.3,1640.8,709.5,30.19,5,4
ORD-20251230,2025-12-07,Asia-Pacífico,Japón,Consumidor Final (B2C),Marketplace,Moda y Calzado,Accesorios y Bolsos,67.74,1,0.1,67.74,60.97,30.73,30.24,49.6,3,4
ORD-20250821,2025-12-07,Norteamérica,México,Empresas (B2B),Distribuidores,Tecnología,Laptops & Ultrabooks,1104.5,6,0.1,6627.0,5964.3,4768.94,1195.36,20.04,5,4
ORD-20250524,2025-12-07,Norteamérica,Estados Unidos,Consumidor Final (B2C),Tienda Online,Hogar y Electro,Purificadores de Aire,119.04,3,0.05,357.12,339.26,243.37,95.89,28.26,4,1
ORD-20250563,2025-12-07,Asia-Pacífico,Singapur,Consumidor Final (B2C),Tienda Online,Tecnología,Accesorios,1201.98,1,0.05,1201.98,1141.88,785.44,356.44,31.22,5,5
ORD-20251066,2025-12-07,Norteamérica,México,Consumidor Final (B2C),Tienda Online,Moda y Calzado,Abrigos Técnicos,27.85,1,0.0,27.85,27.85,10.61,17.24,61.9,5,1
ORD-20250876,2025-12-07,Latinoamérica,Brasil,Consumidor Final (B2C),Tienda Online,Hogar y Electro,Aspiradoras Robot,520.97,2,0.1,1041.94,937.75,619.47,318.28,33.94,5,3
ORD-20250275,2025-12-08,Europa,Alemania,Consumidor Final (B2C),Venta Directa,Tecnología,Auriculares Inalámbricos,310.53,3,0.05,931.59,885.01,651.72,233.29,26.36,5,5
ORD-20250543,2025-12-09,Norteamérica,Canadá,Corporativo,Tienda Online,Tecnología,Laptops & Ultrabooks,142.59,8,0.25,1140.72,855.54,787.85,67.69,7.91,4,2
ORD-20250729,2025-12-09,Norteamérica,Estados Unidos,Consumidor Final (B2C),Distribuidores,Mobiliario y Oficina,Organizadores,120.48,2,0.0,240.96,240.96,148.49,92.47,38.38,5,2
ORD-20250344,2025-12-09,Europa,Alemania,Consumidor Final (B2C),Tienda Online,Mobiliario y Oficina,Sillas Ergonómicas,388.89,3,0.05,1166.67,1108.34,744.27,364.07,32.85,4,5
ORD-20251170,2025-12-09,Norteamérica,México,Consumidor Final (B2C),Tienda Online,Mobiliario y Oficina,Escritorios Regulables,195.92,3,0.1,587.76,528.98,355.98,173.0,32.7,5,3
ORD-20250350,2025-12-10,Latinoamérica,Colombia,Empresas (B2B),Tienda Online,Tecnología,Auriculares Inalámbricos,1312.85,9,0.15,11815.65,10043.3,8502.65,1540.65,15.34,5,3
ORD-20251391,2025-12-10,Norteamérica,Estados Unidos,Empresas (B2B),Tienda Online,Tecnología,Accesorios,1031.63,5,0.1,5158.15,4642.34,3817.47,824.87,17.77,4,3
ORD-20250329,2025-12-11,Norteamérica,Estados Unidos,Consumidor Final (B2C),Tienda Online,Hogar y Electro,Domótica,554.07,2,0.0,1108.14,1108.14,671.32,436.82,39.42,5,4
ORD-20250060,2025-12-11,Europa,Francia,Consumidor Final (B2C),Distribuidores,Tecnología,Monitores 4K,315.68,1,0.1,315.68,284.11,223.54,60.57,21.32,5,3
ORD-20251332,2025-12-11,Latinoamérica,Chile,Consumidor Final (B2C),Tienda Online,Tecnología,Laptops & Ultrabooks,333.79,2,0.1,667.58,600.82,498.86,101.96,16.97,3,1
ORD-20250410,2025-12-11,Latinoamérica,Brasil,Empresas (B2B),Tienda Online,Mobiliario y Oficina,Lámparas LED,281.13,4,0.05,1124.52,1068.29,602.89,465.4,43.56,5,3
ORD-20250292,2025-12-11,Asia-Pacífico,Singapur,Empresas (B2B),Tienda Online,Mobiliario y Oficina,Organizadores,296.52,2,0.1,593.04,533.74,316.25,217.49,40.75,3,5
ORD-20250985,2025-12-12,Europa,Alemania,Consumidor Final (B2C),Tienda Online,Mobiliario y Oficina,Escritorios Regulables,432.37,3,0.0,1297.11,1297.11,791.79,505.32,38.96,3,2
ORD-20251182,2025-12-12,Europa,España,Consumidor Final (B2C),Distribuidores,Tecnología,Laptops & Ultrabooks,935.72,1,0.05,935.72,888.93,683.63,205.3,23.1,4,3
ORD-20250035,2025-12-13,Europa,España,Consumidor Final (B2C),Tienda Online,Hogar y Electro,Aspiradoras Robot,495.8,3,0.0,1487.4,1487.4,902.12,585.28,39.35,5,1
ORD-20251101,2025-12-13,Norteamérica,Canadá,Consumidor Final (B2C),Tienda Online,Tecnología,Accesorios,1162.37,1,0.05,1162.37,1104.25,803.76,300.49,27.21,5,5
ORD-20250302,2025-12-13,Norteamérica,Estados Unidos,Consumidor Final (B2C),Venta Directa,Mobiliario y Oficina,Organizadores,114.93,2,0.05,229.86,218.37,132.12,86.25,39.5,5,5
ORD-20250732,2025-12-13,Europa,Francia,Corporativo,Tienda Online,Tecnología,Laptops & Ultrabooks,317.62,17,0.15,5399.54,4589.61,3893.26,696.35,15.17,4,2
ORD-20250336,2025-12-13,Latinoamérica,Colombia,Empresas (B2B),Distribuidores,Tecnología,Accesorios,960.34,4,0.15,3841.36,3265.16,2854.01,411.15,12.59,5,4
ORD-20251223,2025-12-13,Europa,Reino Unido,Corporativo,Tienda Online,Mobiliario y Oficina,Organizadores,110.68,10,0.1,1106.8,996.12,707.38,288.74,28.99,4,3
ORD-20250519,2025-12-13,Norteamérica,Estados Unidos,Empresas (B2B),Marketplace,Hogar y Electro,Aspiradoras Robot,381.47,3,0.15,1144.41,972.75,643.32,329.43,33.87,5,3
ORD-20250621,2025-12-13,Europa,España,Consumidor Final (B2C),Tienda Online,Mobiliario y Oficina,Escritorios Regulables,166.14,3,0.1,498.42,448.58,327.86,120.72,26.91,4,3
ORD-20250544,2025-12-14,Latinoamérica,Brasil,Consumidor Final (B2C),Distribuidores,Moda y Calzado,Ropa Casual,72.23,2,0.0,144.46,144.46,73.5,70.96,49.12,5,5
ORD-20250505,2025-12-14,Europa,Francia,Empresas (B2B),Venta Directa,Moda y Calzado,Accesorios y Bolsos,147.96,6,0.05,887.76,843.37,344.21,499.16,59.19,5,2
ORD-20251251,2025-12-14,Norteamérica,México,Consumidor Final (B2C),Venta Directa,Mobiliario y Oficina,Lámparas LED,203.1,1,0.1,203.1,182.79,111.03,71.76,39.26,5,1
ORD-20250705,2025-12-14,Norteamérica,Canadá,Empresas (B2B),Tienda Online,Tecnología,Laptops & Ultrabooks,1131.12,9,0.05,10180.08,9671.08,6799.78,2871.3,29.69,5,1
ORD-20250178,2025-12-15,Asia-Pacífico,Singapur,Consumidor Final (B2C),Tienda Online,Tecnología,Auriculares Inalámbricos,566.69,1,0.1,566.69,510.02,405.26,104.76,20.54,4,5
ORD-20250733,2025-12-15,Latinoamérica,Chile,Consumidor Final (B2C),Venta Directa,Moda y Calzado,Accesorios y Bolsos,105.82,2,0.1,211.64,190.48,113.15,77.33,40.6,5,3
ORD-20250191,2025-12-15,Asia-Pacífico,Singapur,Consumidor Final (B2C),Venta Directa,Tecnología,Monitores 4K,1390.02,1,0.0,1390.02,1390.02,908.78,481.24,34.62,5,2
ORD-20250952,2025-12-16,Asia-Pacífico,Corea del Sur,Empresas (B2B),Marketplace,Tecnología,Laptops & Ultrabooks,662.79,4,0.1,2651.16,2386.04,1798.21,587.83,24.64,5,3
ORD-20250461,2025-12-16,Latinoamérica,Chile,Consumidor Final (B2C),Tienda Online,Hogar y Electro,Aspiradoras Robot,113.47,2,0.05,226.94,215.59,139.17,76.42,35.45,4,3
ORD-20251007,2025-12-16,Asia-Pacífico,Singapur,Consumidor Final (B2C),Tienda Online,Tecnología,Laptops & Ultrabooks,289.35,1,0.1,289.35,260.42,204.73,55.69,21.38,5,2
ORD-20250777,2025-12-17,Norteamérica,México,Empresas (B2B),Tienda Online,Tecnología,Auriculares Inalámbricos,665.61,9,0.15,5990.49,5091.92,3851.88,1240.04,24.35,5,3
ORD-20250603,2025-12-17,Europa,Francia,Consumidor Final (B2C),Distribuidores,Moda y Calzado,Calzado Deportivo,175.86,2,0.1,351.72,316.55,166.15,150.4,47.51,4,3
ORD-20251028,2025-12-17,Norteamérica,Canadá,Consumidor Final (B2C),Venta Directa,Hogar y Electro,Purificadores de Aire,56.68,2,0.05,113.36,107.69,73.3,34.39,31.93,5,1
ORD-20251494,2025-12-17,Latinoamérica,Brasil,Consumidor Final (B2C),Tienda Online,Moda y Calzado,Calzado Deportivo,79.99,1,0.0,79.99,79.99,42.67,37.32,46.66,5,1
ORD-20250941,2025-12-17,Europa,España,Consumidor Final (B2C),Marketplace,Hogar y Electro,Purificadores de Aire,473.77,2,0.0,947.54,947.54,585.04,362.5,38.26,5,5
ORD-20250007,2025-12-17,Norteamérica,México,Consumidor Final (B2C),Tienda Online,Mobiliario y Oficina,Lámparas LED,50.42,1,0.1,50.42,45.38,25.5,19.88,43.81,5,4
ORD-20251145,2025-12-17,Europa,Reino Unido,Consumidor Final (B2C),Venta Directa,Tecnología,Accesorios,681.77,3,0.05,2045.31,1943.04,1481.43,461.61,23.76,5,3
ORD-20250534,2025-12-17,Norteamérica,México,Consumidor Final (B2C),Marketplace,Tecnología,Accesorios,544.66,1,0.0,544.66,544.66,328.3,216.36,39.72,4,5
ORD-20251044,2025-12-18,Europa,Francia,Consumidor Final (B2C),Tienda Online,Tecnología,Accesorios,946.97,3,0.05,2840.91,2698.86,2006.4,692.46,25.66,5,2
ORD-20250773,2025-12-18,Norteamérica,México,Consumidor Final (B2C),Marketplace,Mobiliario y Oficina,Lámparas LED,188.19,1,0.05,188.19,178.78,115.36,63.42,35.47,4,4
ORD-20250672,2025-12-18,Asia-Pacífico,Corea del Sur,Consumidor Final (B2C),Tienda Online,Moda y Calzado,Accesorios y Bolsos,161.96,1,0.1,161.96,145.76,75.45,70.31,48.24,4,1
ORD-20250661,2025-12-19,Europa,Alemania,Consumidor Final (B2C),Tienda Online,Hogar y Electro,Purificadores de Aire,134.97,1,0.0,134.97,134.97,81.65,53.32,39.51,5,4
ORD-20250602,2025-12-19,Latinoamérica,Colombia,Empresas (B2B),Distribuidores,Tecnología,Laptops & Ultrabooks,834.17,4,0.15,3336.68,2836.18,2060.29,775.89,27.36,5,1
ORD-20250356,2025-12-19,Norteamérica,Canadá,Consumidor Final (B2C),Marketplace,Hogar y Electro,Purificadores de Aire,128.55,2,0.1,257.1,231.39,152.3,79.09,34.18,4,1
ORD-20250139,2025-12-20,Asia-Pacífico,Singapur,Empresas (B2B),Tienda Online,Hogar y Electro,Aspiradoras Robot,192.24,5,0.1,961.2,865.08,576.27,288.81,33.39,5,5
ORD-20251258,2025-12-20,Asia-Pacífico,Corea del Sur,Consumidor Final (B2C),Venta Directa,Tecnología,Accesorios,152.58,2,0.1,305.16,274.64,191.73,82.91,30.19,5,4
ORD-20251419,2025-12-20,Latinoamérica,Colombia,Consumidor Final (B2C),Tienda Online,Moda y Calzado,Calzado Deportivo,46.41,1,0.05,46.41,44.09,20.31,23.78,53.94,3,4
ORD-20250746,2025-12-20,Asia-Pacífico,Singapur,Consumidor Final (B2C),Venta Directa,Moda y Calzado,Ropa Casual,195.94,1,0.0,195.94,195.94,85.79,110.15,56.22,5,4
ORD-20251434,2025-12-20,Norteamérica,Estados Unidos,Consumidor Final (B2C),Tienda Online,Tecnología,Laptops & Ultrabooks,749.67,1,0.05,749.67,712.19,553.64,158.55,22.26,4,5
ORD-20251425,2025-12-20,Latinoamérica,Colombia,Corporativo,Tienda Online,Tecnología,Smartphones 5G,1361.04,20,0.1,27220.8,24498.72,18217.29,6281.43,25.64,5,5
ORD-20250255,2025-12-20,Norteamérica,México,Consumidor Final (B2C),Venta Directa,Moda y Calzado,Abrigos Técnicos,82.79,1,0.0,82.79,82.79,42.53,40.26,48.63,5,1
ORD-20250403,2025-12-20,Asia-Pacífico,Australia,Consumidor Final (B2C),Distribuidores,Hogar y Electro,Aspiradoras Robot,120.9,2,0.1,241.8,217.62,136.66,80.96,37.2,5,3
ORD-20250195,2025-12-20,Norteamérica,México,Corporativo,Tienda Online,Tecnología,Accesorios,332.28,16,0.15,5316.48,4519.01,3773.42,745.59,16.5,5,1
ORD-20251036,2025-12-20,Latinoamérica,Chile,Corporativo,Venta Directa,Tecnología,Laptops & Ultrabooks,1057.88,9,0.25,9520.92,7140.69,6517.13,623.56,8.73,3,4
ORD-20250688,2025-12-21,Norteamérica,Canadá,Consumidor Final (B2C),Marketplace,Tecnología,Laptops & Ultrabooks,1126.77,2,0.0,2253.54,2253.54,1356.1,897.44,39.82,5,3
ORD-20250903,2025-12-21,Norteamérica,México,Empresas (B2B),Tienda Online,Hogar y Electro,Domótica,479.51,5,0.1,2397.55,2157.8,1509.69,648.11,30.04,5,3
ORD-20250824,2025-12-21,Latinoamérica,Argentina,Empresas (B2B),Tienda Online,Tecnología,Smartphones 5G,585.45,9,0.15,5269.05,4478.69,3627.35,851.34,19.01,4,3
ORD-20251489,2025-12-21,Norteamérica,Estados Unidos,Consumidor Final (B2C),Venta Directa,Mobiliario y Oficina,Organizadores,422.7,2,0.0,845.4,845.4,509.76,335.64,39.7,4,1
ORD-20251074,2025-12-22,Norteamérica,México,Corporativo,Tienda Online,Mobiliario y Oficina,Organizadores,393.91,11,0.25,4333.01,3249.76,2368.89,880.87,27.11,5,3
ORD-20251060,2025-12-22,Norteamérica,Estados Unidos,Corporativo,Venta Directa,Mobiliario y Oficina,Lámparas LED,140.83,11,0.1,1549.13,1394.22,1023.26,370.96,26.61,5,1
ORD-20251277,2025-12-23,Norteamérica,Estados Unidos,Consumidor Final (B2C),Tienda Online,Hogar y Electro,Cafeteras Express,417.43,3,0.1,1252.29,1127.06,750.65,376.41,33.4,4,2
ORD-20250432,2025-12-23,Asia-Pacífico,Australia,Consumidor Final (B2C),Distribuidores,Moda y Calzado,Ropa Casual,191.13,3,0.1,573.39,516.05,230.66,285.39,55.3,5,2
ORD-20251437,2025-12-23,Europa,España,Consumidor Final (B2C),Tienda Online,Hogar y Electro,Cafeteras Express,504.68,1,0.05,504.68,479.45,340.56,138.89,28.97,4,4
ORD-20250087,2025-12-23,Asia-Pacífico,Australia,Empresas (B2B),Distribuidores,Tecnología,Smartphones 5G,344.2,8,0.05,2753.6,2615.92,2045.19,570.73,21.82,4,3
ORD-20250347,2025-12-23,Asia-Pacífico,Australia,Empresas (B2B),Marketplace,Hogar y Electro,Cafeteras Express,422.14,7,0.15,2954.98,2511.73,2041.08,470.65,18.74,4,1
ORD-20251326,2025-12-23,Norteamérica,Canadá,Empresas (B2B),Venta Directa,Moda y Calzado,Ropa Casual,102.33,5,0.05,511.65,486.07,231.31,254.76,52.41,5,4
ORD-20250991,2025-12-23,Asia-Pacífico,Corea del Sur,Empresas (B2B),Tienda Online,Tecnología,Monitores 4K,130.02,8,0.05,1040.16,988.15,644.54,343.61,34.77,4,4
ORD-20250325,2025-12-23,Latinoamérica,Chile,Empresas (B2B),Venta Directa,Moda y Calzado,Abrigos Técnicos,148.49,2,0.05,296.98,282.13,135.49,146.64,51.98,5,2
ORD-20250193,2025-12-23,Norteamérica,Estados Unidos,Consumidor Final (B2C),Venta Directa,Mobiliario y Oficina,Organizadores,53.45,2,0.0,106.9,106.9,60.46,46.44,43.44,4,3
ORD-20250792,2025-12-24,Europa,Francia,Consumidor Final (B2C),Distribuidores,Mobiliario y Oficina,Lámparas LED,273.89,1,0.05,273.89,260.2,165.87,94.33,36.25,5,5
ORD-20251033,2025-12-24,Europa,Alemania,Consumidor Final (B2C),Tienda Online,Tecnología,Auriculares Inalámbricos,986.07,2,0.05,1972.14,1873.53,1393.14,480.39,25.64,5,2
ORD-20250465,2025-12-24,Europa,Francia,Consumidor Final (B2C),Tienda Online,Mobiliario y Oficina,Organizadores,193.79,1,0.1,193.79,174.41,108.02,66.39,38.07,5,4
ORD-20250594,2025-12-24,Europa,Alemania,Consumidor Final (B2C),Tienda Online,Moda y Calzado,Accesorios y Bolsos,204.42,2,0.0,408.84,408.84,145.47,263.37,64.42,5,4
ORD-20250719,2025-12-24,Norteamérica,México,Consumidor Final (B2C),Marketplace,Tecnología,Laptops & Ultrabooks,514.38,2,0.0,1028.76,1028.76,771.08,257.68,25.05,4,2
ORD-20250718,2025-12-24,Asia-Pacífico,Corea del Sur,Consumidor Final (B2C),Distribuidores,Tecnología,Laptops & Ultrabooks,510.74,3,0.0,1532.22,1532.22,940.92,591.3,38.59,5,3
ORD-20250537,2025-12-25,Norteamérica,Canadá,Empresas (B2B),Venta Directa,Moda y Calzado,Accesorios y Bolsos,199.35,3,0.15,598.05,508.34,310.01,198.33,39.02,5,5
ORD-20250798,2025-12-25,Europa,Reino Unido,Corporativo,Marketplace,Mobiliario y Oficina,Sillas Ergonómicas,339.5,19,0.1,6450.5,5805.45,3343.55,2461.9,42.41,4,5
ORD-20250597,2025-12-25,Norteamérica,Estados Unidos,Consumidor Final (B2C),Tienda Online,Tecnología,Auriculares Inalámbricos,1323.75,1,0.1,1323.75,1191.38,858.79,332.59,27.92,4,3
ORD-20251045,2025-12-26,Norteamérica,Canadá,Consumidor Final (B2C),Tienda Online,Moda y Calzado,Ropa Casual,33.63,2,0.05,67.26,63.9,32.77,31.13,48.72,5,4
ORD-20250430,2025-12-26,Europa,España,Empresas (B2B),Venta Directa,Hogar y Electro,Domótica,353.99,2,0.1,707.98,637.18,402.78,234.4,36.79,5,3
ORD-20251123,2025-12-26,Norteamérica,Estados Unidos,Consumidor Final (B2C),Distribuidores,Tecnología,Laptops & Ultrabooks,824.93,2,0.1,1649.86,1484.87,1211.3,273.57,18.42,5,2
ORD-20250484,2025-12-27,Europa,Reino Unido,Empresas (B2B),Tienda Online,Hogar y Electro,Domótica,464.52,3,0.1,1393.56,1254.2,955.76,298.44,23.8,4,2
ORD-20251281,2025-12-27,Norteamérica,México,Empresas (B2B),Tienda Online,Tecnología,Accesorios,1002.66,8,0.05,8021.28,7620.22,5621.89,1998.33,26.22,5,3
ORD-20251403,2025-12-28,Norteamérica,Estados Unidos,Corporativo,Tienda Online,Tecnología,Auriculares Inalámbricos,1169.28,12,0.15,14031.36,11926.66,9827.28,2099.38,17.6,5,2
ORD-20250727,2025-12-28,Europa,Francia,Corporativo,Venta Directa,Tecnología,Accesorios,1254.71,19,0.25,23839.49,17879.62,14441.1,3438.52,19.23,4,2
ORD-20250588,2025-12-28,Norteamérica,Canadá,Consumidor Final (B2C),Distribuidores,Mobiliario y Oficina,Lámparas LED,107.4,2,0.0,214.8,214.8,138.02,76.78,35.74,4,1
ORD-20251368,2025-12-28,Norteamérica,México,Empresas (B2B),Tienda Online,Moda y Calzado,Abrigos Técnicos,187.37,4,0.15,749.48,637.06,300.27,336.79,52.87,5,1
ORD-20250270,2025-12-28,Norteamérica,Estados Unidos,Consumidor Final (B2C),Distribuidores,Tecnología,Auriculares Inalámbricos,555.83,2,0.0,1111.66,1111.66,832.04,279.62,25.15,3,1
ORD-20250269,2025-12-28,Norteamérica,Canadá,Consumidor Final (B2C),Venta Directa,Tecnología,Smartphones 5G,335.33,2,0.05,670.66,637.13,428.53,208.6,32.74,5,4
ORD-20250288,2025-12-29,Norteamérica,México,Consumidor Final (B2C),Tienda Online,Tecnología,Auriculares Inalámbricos,866.3,1,0.1,866.3,779.67,641.87,137.8,17.67,5,1
ORD-20250835,2025-12-29,Norteamérica,México,Corporativo,Distribuidores,Moda y Calzado,Ropa Casual,150.48,7,0.15,1053.36,895.36,459.7,435.66,48.66,5,1
ORD-20250654,2025-12-29,Norteamérica,México,Consumidor Final (B2C),Marketplace,Moda y Calzado,Accesorios y Bolsos,63.49,1,0.0,63.49,63.49,33.97,29.52,46.5,4,4
ORD-20251376,2025-12-30,Norteamérica,Estados Unidos,Consumidor Final (B2C),Tienda Online,Mobiliario y Oficina,Lámparas LED,331.96,1,0.0,331.96,331.96,166.76,165.2,49.77,5,5
ORD-20251497,2025-12-30,Norteamérica,México,Consumidor Final (B2C),Venta Directa,Moda y Calzado,Ropa Casual,192.01,3,0.1,576.03,518.43,229.48,288.95,55.74,3,2
ORD-20250078,2025-12-30,Latinoamérica,Chile,Consumidor Final (B2C),Venta Directa,Tecnología,Accesorios,329.77,1,0.1,329.77,296.79,245.41,51.38,17.31,5,2
ORD-20251141,2025-12-30,Norteamérica,Estados Unidos,Consumidor Final (B2C),Venta Directa,Mobiliario y Oficina,Escritorios Regulables,114.3,1,0.05,114.3,108.58,62.32,46.26,42.6,4,2
ORD-20250767,2025-12-30,Europa,Reino Unido,Empresas (B2B),Tienda Online,Mobiliario y Oficina,Organizadores,222.97,7,0.1,1560.79,1404.71,802.76,601.95,42.85,5,5
ORD-20250769,2025-12-31,Asia-Pacífico,Japón,Consumidor Final (B2C),Tienda Online,Moda y Calzado,Accesorios y Bolsos,126.86,2,0.05,253.72,241.03,112.64,128.39,53.27,5,1
ORD-20250584,2025-12-31,Norteamérica,Canadá,Empresas (B2B),Marketplace,Moda y Calzado,Ropa Casual,193.39,7,0.1,1353.73,1218.36,531.92,686.44,56.34,5,4
ORD-20250734,2025-12-31,Europa,Francia,Consumidor Final (B2C),Tienda Online,Tecnología,Accesorios,901.46,2,0.0,1802.92,1802.92,1165.87,637.05,35.33,4,1
ORD-20250287,2025-12-31,Latinoamérica,Argentina,Empresas (B2B),Tienda Online,Moda y Calzado,Abrigos Técnicos,33.18,3,0.05,99.54,94.56,36.8,57.76,61.08,4,3
ORD-20250281,2025-12-31,Latinoamérica,Colombia,Empresas (B2B),Tienda Online,Tecnología,Auriculares Inalámbricos,1392.98,4,0.05,5571.92,5293.32,3995.36,1297.96,24.52,5,1
ORD-20250182,2025-12-31,Norteamérica,México,Consumidor Final (B2C),Tienda Online,Tecnología,Accesorios,570.7,3,0.0,1712.1,1712.1,1193.28,518.82,30.3,5,3
ORD-20250346,2026-01-01,Latinoamérica,Perú,Consumidor Final (B2C),Tienda Online,Tecnología,Monitores 4K,1095.16,3,0.0,3285.48,3285.48,2127.96,1157.52,35.23,3,2
ORD-20251342,2026-01-01,Asia-Pacífico,Japón,Corporativo,Venta Directa,Hogar y Electro,Purificadores de Aire,290.89,23,0.25,6690.47,5017.85,4428.03,589.82,11.75,5,2
ORD-20250872,2026-01-01,Latinoamérica,Brasil,Corporativo,Venta Directa,Hogar y Electro,Cafeteras Express,526.78,15,0.2,7901.7,6321.36,5146.4,1174.96,18.59,5,3
ORD-20250709,2026-01-01,Europa,España,Corporativo,Venta Directa,Moda y Calzado,Calzado Deportivo,147.85,18,0.2,2661.3,2129.04,1089.43,1039.61,48.83,4,5
ORD-20250215,2026-01-01,Europa,Reino Unido,Consumidor Final (B2C),Venta Directa,Hogar y Electro,Aspiradoras Robot,486.97,3,0.0,1460.91,1460.91,879.05,581.86,39.83,5,1
ORD-20250194,2026-01-01,Europa,España,Consumidor Final (B2C),Tienda Online,Moda y Calzado,Accesorios y Bolsos,107.92,1,0.1,107.92,97.13,40.53,56.6,58.27,5,1
ORD-20250201,2026-01-02,Asia-Pacífico,Singapur,Consumidor Final (B2C),Tienda Online,Tecnología,Smartphones 5G,492.98,3,0.1,1478.94,1331.05,1076.08,254.97,19.16,5,3
ORD-20250429,2026-01-02,Asia-Pacífico,Corea del Sur,Corporativo,Distribuidores,Tecnología,Smartphones 5G,746.75,16,0.2,11948.0,9558.4,7414.88,2143.52,22.43,4,1
ORD-20250038,2026-01-02,Europa,Reino Unido,Consumidor Final (B2C),Distribuidores,Hogar y Electro,Cafeteras Express,391.17,2,0.1,782.34,704.11,455.28,248.83,35.34,4,4
ORD-20250425,2026-01-02,Asia-Pacífico,Singapur,Consumidor Final (B2C),Distribuidores,Hogar y Electro,Aspiradoras Robot,548.31,2,0.0,1096.62,1096.62,706.68,389.94,35.56,4,4
ORD-20251003,2026-01-02,Europa,Alemania,Consumidor Final (B2C),Distribuidores,Tecnología,Accesorios,677.6,3,0.0,2032.8,2032.8,1490.63,542.17,26.67,5,1
ORD-20251301,2026-01-02,Europa,Reino Unido,Empresas (B2B),Distribuidores,Tecnología,Auriculares Inalámbricos,730.86,3,0.05,2192.58,2082.95,1581.23,501.72,24.09,5,3
ORD-20250210,2026-01-02,Europa,Reino Unido,Consumidor Final (B2C),Tienda Online,Hogar y Electro,Purificadores de Aire,389.23,1,0.1,389.23,350.31,257.16,93.15,26.59,5,3
ORD-20250373,2026-01-02,Latinoamérica,Perú,Consumidor Final (B2C),Tienda Online,Hogar y Electro,Purificadores de Aire,61.91,3,0.1,185.73,167.16,120.16,47.0,28.12,5,3
ORD-20250649,2026-01-03,Norteamérica,México,Empresas (B2B),Tienda Online,Tecnología,Auriculares Inalámbricos,1287.06,5,0.05,6435.3,6113.53,4790.13,1323.4,21.65,5,3
ORD-20250274,2026-01-03,Latinoamérica,Perú,Empresas (B2B),Distribuidores,Tecnología,Accesorios,139.4,2,0.1,278.8,250.92,174.95,75.97,30.28,5,4
ORD-20250251,2026-01-03,Asia-Pacífico,Corea del Sur,Empresas (B2B),Venta Directa,Tecnología,Smartphones 5G,1273.75,6,0.15,7642.5,6496.12,5453.36,1042.76,16.05,3,3
ORD-20251398,2026-01-03,Europa,Francia,Consumidor Final (B2C),Distribuidores,Moda y Calzado,Ropa Casual,218.58,3,0.0,655.74,655.74,231.7,424.04,64.67,5,1
ORD-20251024,2026-01-04,Europa,España,Corporativo,Tienda Online,Moda y Calzado,Ropa Casual,187.43,8,0.1,1499.44,1349.5,732.14,617.36,45.75,4,4
ORD-20251276,2026-01-04,Asia-Pacífico,Singapur,Consumidor Final (B2C),Marketplace,Mobiliario y Oficina,Organizadores,230.08,2,0.05,460.16,437.15,306.25,130.9,29.94,5,2
ORD-20251160,2026-01-04,Norteamérica,México,Consumidor Final (B2C),Distribuidores,Hogar y Electro,Cafeteras Express,385.64,1,0.1,385.64,347.08,269.35,77.73,22.4,3,1
ORD-20250651,2026-01-04,Europa,Alemania,Consumidor Final (B2C),Venta Directa,Hogar y Electro,Domótica,281.97,2,0.0,563.94,563.94,350.69,213.25,37.81,3,3
ORD-20251298,2026-01-05,Europa,Reino Unido,Consumidor Final (B2C),Venta Directa,Moda y Calzado,Abrigos Técnicos,72.35,1,0.0,72.35,72.35,32.25,40.1,55.43,4,3
ORD-20251087,2026-01-05,Europa,España,Empresas (B2B),Distribuidores,Hogar y Electro,Aspiradoras Robot,590.06,7,0.15,4130.42,3510.86,2688.43,822.43,23.43,5,2
ORD-20251354,2026-01-05,Norteamérica,Canadá,Consumidor Final (B2C),Venta Directa,Hogar y Electro,Domótica,274.14,1,0.0,274.14,274.14,162.79,111.35,40.62,5,5
ORD-20250590,2026-01-05,Norteamérica,Canadá,Corporativo,Tienda Online,Moda y Calzado,Calzado Deportivo,52.43,24,0.25,1258.32,943.74,541.97,401.77,42.57,4,2
ORD-20250248,2026-01-05,Europa,España,Consumidor Final (B2C),Tienda Online,Moda y Calzado,Accesorios y Bolsos,82.04,1,0.1,82.04,73.84,33.53,40.31,54.59,3,4
ORD-20250906,2026-01-05,Europa,Francia,Corporativo,Tienda Online,Hogar y Electro,Domótica,122.14,14,0.1,1709.96,1538.96,1058.64,480.32,31.21,4,2
ORD-20250726,2026-01-05,Latinoamérica,Brasil,Consumidor Final (B2C),Marketplace,Tecnología,Auriculares Inalámbricos,249.72,2,0.05,499.44,474.47,337.66,136.81,28.83,4,5
ORD-20251085,2026-01-05,Norteamérica,México,Consumidor Final (B2C),Tienda Online,Hogar y Electro,Cafeteras Express,405.04,2,0.05,810.08,769.58,561.2,208.38,27.08,5,1
ORD-20251219,2026-01-05,Norteamérica,Canadá,Consumidor Final (B2C),Tienda Online,Mobiliario y Oficina,Organizadores,48.04,2,0.05,96.08,91.28,48.45,42.83,46.92,4,3
ORD-20251486,2026-01-05,Europa,Reino Unido,Consumidor Final (B2C),Distribuidores,Tecnología,Laptops & Ultrabooks,625.2,2,0.1,1250.4,1125.36,828.44,296.92,26.38,4,5
ORD-20251466,2026-01-05,Asia-Pacífico,Corea del Sur,Empresas (B2B),Distribuidores,Tecnología,Monitores 4K,80.41,4,0.15,321.64,273.39,229.99,43.4,15.87,4,1
ORD-20250794,2026-01-06,Asia-Pacífico,Corea del Sur,Empresas (B2B),Tienda Online,Mobiliario y Oficina,Sillas Ergonómicas,437.66,2,0.15,875.32,744.02,585.02,159.0,21.37,4,5
ORD-20250228,2026-01-06,Europa,Alemania,Corporativo,Tienda Online,Moda y Calzado,Ropa Casual,200.69,12,0.1,2408.28,2167.45,1240.46,926.99,42.77,5,3
ORD-20250566,2026-01-07,Norteamérica,Canadá,Consumidor Final (B2C),Marketplace,Mobiliario y Oficina,Escritorios Regulables,166.99,1,0.05,166.99,158.64,103.74,54.9,34.61,4,3
ORD-20250316,2026-01-07,Asia-Pacífico,Singapur,Consumidor Final (B2C),Venta Directa,Tecnología,Smartphones 5G,1394.37,1,0.0,1394.37,1394.37,1029.19,365.18,26.19,4,1
ORD-20250378,2026-01-07,Norteamérica,Canadá,Consumidor Final (B2C),Tienda Online,Tecnología,Monitores 4K,1186.69,3,0.0,3560.07,3560.07,2496.62,1063.45,29.87,4,4
ORD-20250209,2026-01-07,Norteamérica,Estados Unidos,Consumidor Final (B2C),Tienda Online,Moda y Calzado,Accesorios y Bolsos,73.27,3,0.0,219.81,219.81,95.61,124.2,56.5,4,1
ORD-20250160,2026-01-07,Latinoamérica,Argentina,Consumidor Final (B2C),Venta Directa,Mobiliario y Oficina,Organizadores,351.33,3,0.1,1053.99,948.59,637.45,311.14,32.8,4,1
ORD-20251341,2026-01-07,Latinoamérica,Chile,Consumidor Final (B2C),Venta Directa,Tecnología,Laptops & Ultrabooks,1201.12,1,0.05,1201.12,1141.06,767.64,373.42,32.73,5,3
ORD-20250044,2026-01-07,Asia-Pacífico,Corea del Sur,Consumidor Final (B2C),Tienda Online,Mobiliario y Oficina,Sillas Ergonómicas,306.02,2,0.1,612.04,550.84,370.38,180.46,32.76,5,1
ORD-20250157,2026-01-07,Europa,Alemania,Consumidor Final (B2C),Venta Directa,Tecnología,Laptops & Ultrabooks,805.45,1,0.0,805.45,805.45,532.11,273.34,33.94,4,1
ORD-20250871,2026-01-07,Asia-Pacífico,Australia,Consumidor Final (B2C),Tienda Online,Moda y Calzado,Accesorios y Bolsos,195.98,3,0.1,587.94,529.15,278.4,250.75,47.39,5,1
ORD-20251120,2026-01-08,Latinoamérica,Perú,Empresas (B2B),Tienda Online,Tecnología,Smartphones 5G,143.01,3,0.1,429.03,386.13,281.7,104.43,27.05,5,4
ORD-20250693,2026-01-08,Europa,Francia,Consumidor Final (B2C),Venta Directa,Tecnología,Smartphones 5G,462.92,2,0.0,925.84,925.84,567.86,357.98,38.67,5,4
ORD-20250203,2026-01-09,Latinoamérica,Argentina,Empresas (B2B),Venta Directa,Hogar y Electro,Domótica,594.7,9,0.1,5352.3,4817.07,3699.46,1117.61,23.2,5,2
ORD-20250262,2026-01-09,Norteamérica,Estados Unidos,Corporativo,Tienda Online,Hogar y Electro,Aspiradoras Robot,514.32,12,0.15,6171.84,5246.06,3870.45,1375.61,26.22,4,4
ORD-20250185,2026-01-09,Europa,Reino Unido,Empresas (B2B),Tienda Online,Tecnología,Auriculares Inalámbricos,274.44,6,0.05,1646.64,1564.31,1098.56,465.75,29.77,4,2
ORD-20250660,2026-01-09,Europa,Alemania,Empresas (B2B),Tienda Online,Hogar y Electro,Aspiradoras Robot,273.75,2,0.05,547.5,520.12,331.32,188.8,36.3,5,2
ORD-20250867,2026-01-09,Asia-Pacífico,Japón,Empresas (B2B),Tienda Online,Tecnología,Accesorios,1077.5,8,0.05,8620.0,8189.0,6244.53,1944.47,23.74,5,5
ORD-20250515,2026-01-09,Asia-Pacífico,Singapur,Corporativo,Venta Directa,Hogar y Electro,Purificadores de Aire,277.94,20,0.25,5558.8,4169.1,3278.01,891.09,21.37,5,5
ORD-20251297,2026-01-09,Norteamérica,Canadá,Consumidor Final (B2C),Venta Directa,Mobiliario y Oficina,Sillas Ergonómicas,210.46,3,0.1,631.38,568.24,405.26,162.98,28.68,4,2
ORD-20250235,2026-01-09,Europa,Francia,Corporativo,Distribuidores,Hogar y Electro,Aspiradoras Robot,158.16,13,0.2,2056.08,1644.86,1192.7,452.16,27.49,4,1
ORD-20250041,2026-01-10,Europa,Reino Unido,Consumidor Final (B2C),Tienda Online,Moda y Calzado,Ropa Casual,79.33,1,0.05,79.33,75.36,29.17,46.19,61.29,4,1
ORD-20251485,2026-01-10,Latinoamérica,Brasil,Empresas (B2B),Tienda Online,Mobiliario y Oficina,Escritorios Regulables,216.31,5,0.05,1081.55,1027.47,721.12,306.35,29.82,3,2
ORD-20250988,2026-01-10,Norteamérica,México,Empresas (B2B),Tienda Online,Moda y Calzado,Calzado Deportivo,135.8,7,0.05,950.6,903.07,518.62,384.45,42.57,5,5
ORD-20250997,2026-01-10,Asia-Pacífico,Australia,Consumidor Final (B2C),Venta Directa,Tecnología,Laptops & Ultrabooks,291.37,1,0.05,291.37,276.8,192.07,84.73,30.61,3,4
ORD-20250626,2026-01-10,Norteamérica,Estados Unidos,Corporativo,Distribuidores,Hogar y Electro,Purificadores de Aire,148.04,10,0.25,1480.4,1110.3,889.87,220.43,19.85,4,1
ORD-20251323,2026-01-10,Norteamérica,México,Consumidor Final (B2C),Tienda Online,Tecnología,Accesorios,764.44,1,0.1,764.44,688.0,530.07,157.93,22.95,3,3
ORD-20250880,2026-01-10,Asia-Pacífico,Australia,Consumidor Final (B2C),Distribuidores,Tecnología,Laptops & Ultrabooks,391.3,3,0.0,1173.9,1173.9,753.97,419.93,35.77,4,3
ORD-20251146,2026-01-10,Europa,Reino Unido,Consumidor Final (B2C),Distribuidores,Tecnología,Smartphones 5G,374.11,1,0.05,374.11,355.4,256.67,98.73,27.78,4,3
ORD-20250775,2026-01-11,Latinoamérica,Chile,Consumidor Final (B2C),Tienda Online,Mobiliario y Oficina,Organizadores,69.95,1,0.05,69.95,66.45,42.69,23.76,35.76,3,4
ORD-20250013,2026-01-11,Norteamérica,México,Consumidor Final (B2C),Venta Directa,Moda y Calzado,Calzado Deportivo,69.57,2,0.0,139.14,139.14,63.08,76.06,54.66,4,1
ORD-20251408,2026-01-11,Europa,España,Empresas (B2B),Tienda Online,Tecnología,Laptops & Ultrabooks,1009.69,7,0.05,7067.83,6714.44,4534.78,2179.66,32.46,5,5
ORD-20251111,2026-01-11,Latinoamérica,Perú,Empresas (B2B),Venta Directa,Moda y Calzado,Abrigos Técnicos,143.54,9,0.15,1291.86,1098.08,707.28,390.8,35.59,5,5
ORD-20250054,2026-01-11,Norteamérica,Estados Unidos,Corporativo,Distribuidores,Hogar y Electro,Domótica,133.9,13,0.15,1740.7,1479.6,977.57,502.03,33.93,4,1
ORD-20250386,2026-01-11,Norteamérica,Estados Unidos,Empresas (B2B),Distribuidores,Tecnología,Laptops & Ultrabooks,419.44,9,0.1,3774.96,3397.46,2280.9,1116.56,32.86,4,2
ORD-20250909,2026-01-11,Latinoamérica,Argentina,Consumidor Final (B2C),Marketplace,Tecnología,Auriculares Inalámbricos,608.55,1,0.1,608.55,547.69,403.77,143.92,26.28,5,2
ORD-20251052,2026-01-12,Europa,Reino Unido,Corporativo,Tienda Online,Hogar y Electro,Aspiradoras Robot,69.13,18,0.25,1244.34,933.25,684.44,248.81,26.66,5,5
ORD-20250447,2026-01-12,Norteamérica,Estados Unidos,Empresas (B2B),Tienda Online,Tecnología,Monitores 4K,571.91,5,0.05,2859.55,2716.57,1948.85,767.72,28.26,3,3
ORD-20250675,2026-01-13,Norteamérica,Estados Unidos,Consumidor Final (B2C),Distribuidores,Moda y Calzado,Accesorios y Bolsos,169.87,3,0.1,509.61,458.65,261.78,196.87,42.92,5,2
ORD-20251357,2026-01-13,Europa,Reino Unido,Empresas (B2B),Distribuidores,Tecnología,Smartphones 5G,1069.77,2,0.05,2139.54,2032.56,1315.53,717.03,35.28,5,4
ORD-20250301,2026-01-13,Norteamérica,México,Empresas (B2B),Tienda Online,Tecnología,Auriculares Inalámbricos,704.4,9,0.15,6339.6,5388.66,4052.11,1336.55,24.8,5,5
ORD-20250167,2026-01-13,Asia-Pacífico,Japón,Corporativo,Venta Directa,Mobiliario y Oficina,Escritorios Regulables,78.41,24,0.25,1881.84,1411.38,1107.55,303.83,21.53,4,4
ORD-20250198,2026-01-13,Norteamérica,Canadá,Corporativo,Venta Directa,Moda y Calzado,Abrigos Técnicos,167.15,21,0.15,3510.15,2983.63,1795.14,1188.49,39.83,4,5
ORD-20251453,2026-01-14,Norteamérica,Estados Unidos,Consumidor Final (B2C),Tienda Online,Mobiliario y Oficina,Escritorios Regulables,220.82,2,0.0,441.64,441.64,288.92,152.72,34.58,4,1
ORD-20251191,2026-01-14,Norteamérica,Canadá,Empresas (B2B),Venta Directa,Moda y Calzado,Accesorios y Bolsos,52.3,6,0.05,313.8,298.11,151.97,146.14,49.02,5,1
ORD-20250679,2026-01-14,Norteamérica,Canadá,Empresas (B2B),Venta Directa,Tecnología,Accesorios,980.02,8,0.1,7840.16,7056.14,4977.33,2078.81,29.46,5,4
ORD-20250810,2026-01-14,Norteamérica,Estados Unidos,Consumidor Final (B2C),Distribuidores,Moda y Calzado,Ropa Casual,193.15,1,0.0,193.15,193.15,80.73,112.42,58.2,5,2
ORD-20250522,2026-01-14,Norteamérica,Canadá,Consumidor Final (B2C),Distribuidores,Tecnología,Laptops & Ultrabooks,679.11,2,0.0,1358.22,1358.22,879.79,478.43,35.22,4,4
ORD-20251197,2026-01-14,Asia-Pacífico,Corea del Sur,Corporativo,Venta Directa,Hogar y Electro,Cafeteras Express,388.19,17,0.15,6599.23,5609.35,4502.76,1106.59,19.73,3,5
ORD-20250173,2026-01-14,Europa,España,Consumidor Final (B2C),Distribuidores,Tecnología,Accesorios,327.95,3,0.1,983.85,885.47,718.25,167.22,18.88,5,4
ORD-20251496,2026-01-15,Europa,España,Consumidor Final (B2C),Tienda Online,Hogar y Electro,Domótica,531.55,1,0.1,531.55,478.39,328.88,149.51,31.25,4,1
ORD-20251432,2026-01-15,Europa,Reino Unido,Consumidor Final (B2C),Tienda Online,Tecnología,Accesorios,1335.74,1,0.05,1335.74,1268.95,974.11,294.84,23.23,4,4
ORD-20250021,2026-01-15,Europa,Alemania,Consumidor Final (B2C),Venta Directa,Tecnología,Accesorios,793.64,3,0.0,2380.92,2380.92,1774.81,606.11,25.46,5,3
ORD-20250640,2026-01-15,Norteamérica,México,Consumidor Final (B2C),Venta Directa,Mobiliario y Oficina,Lámparas LED,177.0,3,0.0,531.0,531.0,279.42,251.58,47.38,3,2
ORD-20251208,2026-01-16,Latinoamérica,Perú,Corporativo,Tienda Online,Moda y Calzado,Accesorios y Bolsos,105.64,14,0.1,1478.96,1331.06,541.97,789.09,59.28,5,3
ORD-20251086,2026-01-16,Europa,Reino Unido,Empresas (B2B),Tienda Online,Tecnología,Monitores 4K,130.33,2,0.1,260.66,234.59,167.35,67.24,28.66,5,4
ORD-20250225,2026-01-16,Latinoamérica,Argentina,Consumidor Final (B2C),Venta Directa,Mobiliario y Oficina,Sillas Ergonómicas,393.22,2,0.05,786.44,747.12,465.0,282.12,37.76,4,1
ORD-20251499,2026-01-16,Norteamérica,México,Consumidor Final (B2C),Tienda Online,Hogar y Electro,Cafeteras Express,566.8,1,0.0,566.8,566.8,360.55,206.25,36.39,5,5
ORD-20251367,2026-01-16,Latinoamérica,Colombia,Empresas (B2B),Venta Directa,Moda y Calzado,Abrigos Técnicos,99.45,6,0.1,596.7,537.03,282.63,254.4,47.37,5,3
ORD-20250981,2026-01-16,Europa,Reino Unido,Corporativo,Distribuidores,Moda y Calzado,Abrigos Técnicos,178.86,16,0.25,2861.76,2146.32,1308.19,838.13,39.05,4,2
ORD-20251274,2026-01-16,Norteamérica,México,Empresas (B2B),Tienda Online,Hogar y Electro,Cafeteras Express,437.76,7,0.1,3064.32,2757.89,1703.47,1054.42,38.23,5,5
ORD-20251371,2026-01-17,Norteamérica,Estados Unidos,Empresas (B2B),Distribuidores,Hogar y Electro,Aspiradoras Robot,122.21,5,0.05,611.05,580.5,377.55,202.95,34.96,5,4
ORD-20250106,2026-01-17,Europa,Francia,Empresas (B2B),Tienda Online,Tecnología,Monitores 4K,914.26,2,0.1,1828.52,1645.67,1136.0,509.67,30.97,4,5
ORD-20250070,2026-01-17,Europa,España,Consumidor Final (B2C),Venta Directa,Mobiliario y Oficina,Lámparas LED,179.35,3,0.1,538.05,484.24,275.35,208.89,43.14,4,1
ORD-20250916,2026-01-17,Latinoamérica,Chile,Empresas (B2B),Marketplace,Mobiliario y Oficina,Sillas Ergonómicas,159.29,3,0.15,477.87,406.19,281.12,125.07,30.79,3,2
ORD-20250491,2026-01-18,Norteamérica,Estados Unidos,Consumidor Final (B2C),Marketplace,Tecnología,Monitores 4K,603.09,2,0.1,1206.18,1085.56,812.24,273.32,25.18,5,3
ORD-20250834,2026-01-18,Europa,Reino Unido,Corporativo,Venta Directa,Tecnología,Smartphones 5G,487.08,6,0.25,2922.48,2191.86,2096.17,95.69,4.37,3,5
ORD-20251025,2026-01-18,Europa,España,Corporativo,Distribuidores,Hogar y Electro,Domótica,138.2,8,0.1,1105.6,995.04,665.88,329.16,33.08,4,2
ORD-20251309,2026-01-18,Norteamérica,Canadá,Consumidor Final (B2C),Venta Directa,Hogar y Electro,Domótica,447.57,2,0.0,895.14,895.14,557.03,338.11,37.77,5,1
ORD-20251472,2026-01-18,Europa,Reino Unido,Consumidor Final (B2C),Distribuidores,Moda y Calzado,Ropa Casual,106.71,2,0.05,213.42,202.75,108.95,93.8,46.26,4,1
ORD-20251349,2026-01-18,Europa,España,Consumidor Final (B2C),Venta Directa,Moda y Calzado,Accesorios y Bolsos,182.39,3,0.0,547.17,547.17,284.17,263.0,48.07,5,5
ORD-20250488,2026-01-19,Asia-Pacífico,Singapur,Consumidor Final (B2C),Tienda Online,Tecnología,Smartphones 5G,923.99,1,0.05,923.99,877.79,592.47,285.32,32.5,5,4
ORD-20251094,2026-01-19,Latinoamérica,Brasil,Empresas (B2B),Tienda Online,Mobiliario y Oficina,Escritorios Regulables,72.82,7,0.05,509.74,484.25,336.57,147.68,30.5,4,4
ORD-20250148,2026-01-19,Norteamérica,México,Corporativo,Tienda Online,Hogar y Electro,Domótica,282.4,12,0.25,3388.8,2541.6,1877.65,663.95,26.12,5,1
ORD-20251209,2026-01-19,Europa,España,Corporativo,Venta Directa,Moda y Calzado,Accesorios y Bolsos,106.27,7,0.15,743.89,632.31,394.38,237.93,37.63,4,4
ORD-20250550,2026-01-19,Norteamérica,Canadá,Empresas (B2B),Tienda Online,Mobiliario y Oficina,Escritorios Regulables,92.08,8,0.05,736.64,699.81,408.82,290.99,41.58,4,4
ORD-20250782,2026-01-19,Europa,España,Corporativo,Marketplace,Tecnología,Auriculares Inalámbricos,570.86,19,0.25,10846.34,8134.76,7904.31,230.45,2.83,5,3
ORD-20251468,2026-01-19,Europa,Alemania,Empresas (B2B),Marketplace,Tecnología,Smartphones 5G,179.26,5,0.15,896.3,761.85,594.51,167.34,21.96,5,5
ORD-20250842,2026-01-19,Norteamérica,México,Consumidor Final (B2C),Venta Directa,Hogar y Electro,Aspiradoras Robot,351.2,3,0.1,1053.6,948.24,605.05,343.19,36.19,4,5
ORD-20250004,2026-01-19,Europa,España,Corporativo,Distribuidores,Mobiliario y Oficina,Escritorios Regulables,425.19,8,0.15,3401.52,2891.29,2146.05,745.24,25.78,4,4
ORD-20251443,2026-01-20,Latinoamérica,Brasil,Consumidor Final (B2C),Venta Directa,Tecnología,Auriculares Inalámbricos,811.3,2,0.1,1622.6,1460.34,1180.53,279.81,19.16,5,1
ORD-20250304,2026-01-20,Norteamérica,Canadá,Consumidor Final (B2C),Tienda Online,Moda y Calzado,Accesorios y Bolsos,63.74,3,0.05,191.22,181.66,78.65,103.01,56.7,5,5
ORD-20250483,2026-01-20,Asia-Pacífico,Japón,Consumidor Final (B2C),Tienda Online,Hogar y Electro,Cafeteras Express,542.3,1,0.0,542.3,542.3,342.71,199.59,36.8,5,2
ORD-20250443,2026-01-20,Norteamérica,Canadá,Empresas (B2B),Tienda Online,Tecnología,Monitores 4K,262.68,2,0.05,525.36,499.09,356.56,142.53,28.56,5,1
ORD-20250128,2026-01-20,Latinoamérica,Brasil,Empresas (B2B),Tienda Online,Tecnología,Smartphones 5G,1344.66,2,0.15,2689.32,2285.92,1918.67,367.25,16.07,5,3
ORD-20250856,2026-01-21,Norteamérica,Canadá,Corporativo,Distribuidores,Mobiliario y Oficina,Escritorios Regulables,237.36,19,0.1,4509.84,4058.86,2365.46,1693.4,41.72,4,5
ORD-20250137,2026-01-21,Asia-Pacífico,Japón,Consumidor Final (B2C),Tienda Online,Hogar y Electro,Domótica,173.92,2,0.0,347.84,347.84,235.69,112.15,32.24,5,1
ORD-20251373,2026-01-21,Europa,Francia,Consumidor Final (B2C),Marketplace,Moda y Calzado,Accesorios y Bolsos,128.02,3,0.1,384.06,345.65,145.89,199.76,57.79,5,1
ORD-20250231,2026-01-22,Europa,Francia,Empresas (B2B),Distribuidores,Moda y Calzado,Calzado Deportivo,98.93,3,0.15,296.79,252.27,140.59,111.68,44.27,5,5
ORD-20250760,2026-01-22,Norteamérica,Estados Unidos,Empresas (B2B),Venta Directa,Mobiliario y Oficina,Escritorios Regulables,226.53,6,0.15,1359.18,1155.3,911.3,244.0,21.12,5,2
ORD-20250110,2026-01-22,Asia-Pacífico,Australia,Corporativo,Marketplace,Tecnología,Auriculares Inalámbricos,792.74,24,0.15,19025.76,16171.9,12149.03,4022.87,24.88,5,1
ORD-20250969,2026-01-22,Asia-Pacífico,Australia,Consumidor Final (B2C),Venta Directa,Moda y Calzado,Accesorios y Bolsos,159.85,1,0.05,159.85,151.86,81.69,70.17,46.21,4,4
ORD-20250156,2026-01-22,Latinoamérica,Perú,Empresas (B2B),Venta Directa,Tecnología,Auriculares Inalámbricos,488.37,6,0.1,2930.22,2637.2,2177.91,459.29,17.42,5,1
ORD-20251154,2026-01-22,Norteamérica,Estados Unidos,Consumidor Final (B2C),Tienda Online,Moda y Calzado,Accesorios y Bolsos,176.35,2,0.05,352.7,335.06,129.01,206.05,61.5,5,1
ORD-20251283,2026-01-23,Latinoamérica,Perú,Empresas (B2B),Venta Directa,Tecnología,Monitores 4K,1174.23,3,0.05,3522.69,3346.56,2590.93,755.63,22.58,5,5
ORD-20250348,2026-01-23,Europa,Alemania,Consumidor Final (B2C),Tienda Online,Tecnología,Accesorios,1377.49,2,0.0,2754.98,2754.98,1820.41,934.57,33.92,4,5
ORD-20251333,2026-01-23,Europa,España,Empresas (B2B),Distribuidores,Hogar y Electro,Domótica,84.73,9,0.15,762.57,648.18,528.4,119.78,18.48,4,5
ORD-20250477,2026-01-23,Latinoamérica,Colombia,Consumidor Final (B2C),Marketplace,Moda y Calzado,Ropa Casual,168.57,2,0.1,337.14,303.43,162.25,141.18,46.53,5,4
ORD-20251469,2026-01-24,Latinoamérica,Perú,Corporativo,Marketplace,Moda y Calzado,Calzado Deportivo,150.26,18,0.1,2704.68,2434.21,1079.75,1354.46,55.64,5,4
ORD-20251043,2026-01-24,Europa,España,Consumidor Final (B2C),Venta Directa,Mobiliario y Oficina,Sillas Ergonómicas,229.96,1,0.05,229.96,218.46,135.66,82.8,37.9,4,1
ORD-20251343,2026-01-24,Europa,Alemania,Corporativo,Tienda Online,Tecnología,Monitores 4K,470.24,7,0.25,3291.68,2468.76,1991.96,476.8,19.31,4,4
ORD-20250743,2026-01-25,Norteamérica,Estados Unidos,Consumidor Final (B2C),Venta Directa,Tecnología,Smartphones 5G,782.7,1,0.1,782.7,704.43,582.75,121.68,17.27,4,4
ORD-20251481,2026-01-25,Europa,España,Corporativo,Tienda Online,Mobiliario y Oficina,Organizadores,448.93,7,0.15,3142.51,2671.13,1980.33,690.8,25.86,5,2
ORD-20250793,2026-01-25,Europa,Alemania,Consumidor Final (B2C),Marketplace,Hogar y Electro,Purificadores de Aire,511.5,2,0.05,1023.0,971.85,696.26,275.59,28.36,5,2
ORD-20250168,2026-01-25,Europa,España,Corporativo,Marketplace,Mobiliario y Oficina,Sillas Ergonómicas,207.11,23,0.2,4763.53,3810.82,3037.3,773.52,20.3,5,5
ORD-20251105,2026-01-25,Asia-Pacífico,Singapur,Empresas (B2B),Tienda Online,Mobiliario y Oficina,Sillas Ergonómicas,128.11,8,0.05,1024.88,973.64,618.65,354.99,36.46,4,3
ORD-20251317,2026-01-25,Latinoamérica,Colombia,Consumidor Final (B2C),Marketplace,Tecnología,Laptops & Ultrabooks,119.01,3,0.1,357.03,321.33,258.97,62.36,19.41,4,5
ORD-20251175,2026-01-25,Europa,Reino Unido,Consumidor Final (B2C),Distribuidores,Mobiliario y Oficina,Organizadores,318.97,3,0.0,956.91,956.91,578.58,378.33,39.54,4,3
ORD-20251065,2026-01-25,Asia-Pacífico,Australia,Consumidor Final (B2C),Tienda Online,Tecnología,Accesorios,1343.21,3,0.0,4029.63,4029.63,2895.11,1134.52,28.15,4,4
ORD-20250468,2026-01-25,Latinoamérica,Argentina,Empresas (B2B),Distribuidores,Moda y Calzado,Accesorios y Bolsos,93.38,6,0.15,560.28,476.24,255.89,220.35,46.27,3,4
ORD-20251444,2026-01-26,Norteamérica,Canadá,Corporativo,Distribuidores,Tecnología,Accesorios,595.35,17,0.1,10120.95,9108.86,7462.17,1646.69,18.08,3,1
ORD-20250652,2026-01-26,Latinoamérica,Perú,Corporativo,Distribuidores,Mobiliario y Oficina,Escritorios Regulables,123.84,10,0.25,1238.4,928.8,647.21,281.59,30.32,4,3
ORD-20250244,2026-01-27,Norteamérica,Canadá,Consumidor Final (B2C),Marketplace,Mobiliario y Oficina,Lámparas LED,427.31,3,0.05,1281.93,1217.83,822.29,395.54,32.48,5,5
ORD-20250030,2026-01-27,Latinoamérica,Chile,Consumidor Final (B2C),Distribuidores,Hogar y Electro,Aspiradoras Robot,130.63,1,0.0,130.63,130.63,76.42,54.21,41.5,5,5
ORD-20250686,2026-01-27,Norteamérica,Estados Unidos,Consumidor Final (B2C),Tienda Online,Moda y Calzado,Accesorios y Bolsos,131.39,1,0.0,131.39,131.39,66.76,64.63,49.19,4,4
ORD-20250701,2026-01-27,Norteamérica,Estados Unidos,Empresas (B2B),Venta Directa,Tecnología,Monitores 4K,1391.78,3,0.15,4175.34,3549.04,2683.11,865.93,24.4,5,2
ORD-20251073,2026-01-27,Latinoamérica,Chile,Empresas (B2B),Distribuidores,Mobiliario y Oficina,Sillas Ergonómicas,143.92,6,0.1,863.52,777.17,580.99,196.18,25.24,3,4
ORD-20250575,2026-01-27,Norteamérica,Canadá,Consumidor Final (B2C),Venta Directa,Tecnología,Smartphones 5G,308.12,1,0.0,308.12,308.12,187.72,120.4,39.08,4,3
ORD-20250511,2026-01-28,Norteamérica,Estados Unidos,Consumidor Final (B2C),Venta Directa,Hogar y Electro,Purificadores de Aire,541.68,1,0.0,541.68,541.68,333.54,208.14,38.42,4,5
ORD-20250126,2026-01-28,Norteamérica,Canadá,Consumidor Final (B2C),Venta Directa,Mobiliario y Oficina,Organizadores,248.43,3,0.05,745.29,708.03,448.44,259.59,36.66,5,4
ORD-20250546,2026-01-28,Latinoamérica,Argentina,Consumidor Final (B2C),Venta Directa,Hogar y Electro,Cafeteras Express,439.77,2,0.1,879.54,791.59,524.04,267.55,33.8,5,1
ORD-20250959,2026-01-28,Norteamérica,México,Consumidor Final (B2C),Tienda Online,Mobiliario y Oficina,Organizadores,94.24,3,0.1,282.72,254.45,153.6,100.85,39.63,4,1
ORD-20250870,2026-01-29,Asia-Pacífico,Japón,Consumidor Final (B2C),Tienda Online,Tecnología,Auriculares Inalámbricos,1279.47,3,0.05,3838.41,3646.49,2346.2,1300.29,35.66,4,4
ORD-20250844,2026-01-29,Europa,Reino Unido,Consumidor Final (B2C),Venta Directa,Tecnología,Auriculares Inalámbricos,592.72,2,0.0,1185.44,1185.44,791.49,393.95,33.23,5,1
ORD-20251015,2026-01-29,Europa,Alemania,Consumidor Final (B2C),Venta Directa,Tecnología,Auriculares Inalámbricos,420.0,2,0.0,840.0,840.0,559.63,280.37,33.38,5,5
ORD-20250677,2026-01-29,Europa,Alemania,Consumidor Final (B2C),Tienda Online,Hogar y Electro,Domótica,197.83,2,0.1,395.66,356.09,254.26,101.83,28.6,5,1
ORD-20250014,2026-01-29,Asia-Pacífico,Australia,Empresas (B2B),Venta Directa,Moda y Calzado,Accesorios y Bolsos,41.41,9,0.1,372.69,335.42,180.31,155.11,46.24,5,1
ORD-20250478,2026-01-29,Europa,Francia,Empresas (B2B),Tienda Online,Mobiliario y Oficina,Sillas Ergonómicas,155.02,3,0.15,465.06,395.3,301.4,93.9,23.75,5,4
ORD-20250691,2026-01-29,Europa,España,Corporativo,Distribuidores,Tecnología,Auriculares Inalámbricos,553.97,10,0.2,5539.7,4431.76,3937.47,494.29,11.15,5,3
ORD-20250935,2026-01-29,Latinoamérica,Chile,Consumidor Final (B2C),Venta Directa,Hogar y Electro,Purificadores de Aire,470.94,2,0.0,941.88,941.88,609.95,331.93,35.24,4,1
ORD-20251338,2026-01-29,Norteamérica,Estados Unidos,Consumidor Final (B2C),Tienda Online,Mobiliario y Oficina,Sillas Ergonómicas,221.76,2,0.05,443.52,421.34,281.23,140.11,33.25,5,3
ORD-20251327,2026-01-30,Asia-Pacífico,Japón,Consumidor Final (B2C),Tienda Online,Moda y Calzado,Accesorios y Bolsos,81.73,3,0.1,245.19,220.67,116.47,104.2,47.22,5,3
ORD-20251159,2026-01-30,Europa,Francia,Empresas (B2B),Tienda Online,Tecnología,Accesorios,828.97,8,0.05,6631.76,6300.17,4560.81,1739.36,27.61,4,3
ORD-20250450,2026-01-30,Latinoamérica,Brasil,Consumidor Final (B2C),Tienda Online,Mobiliario y Oficina,Escritorios Regulables,210.82,1,0.0,210.82,210.82,141.22,69.6,33.01,3,3
ORD-20250861,2026-01-30,Norteamérica,México,Consumidor Final (B2C),Tienda Online,Mobiliario y Oficina,Organizadores,368.13,3,0.05,1104.39,1049.17,645.24,403.93,38.5,4,5
ORD-20250877,2026-01-30,Norteamérica,México,Corporativo,Marketplace,Tecnología,Auriculares Inalámbricos,296.63,12,0.25,3559.56,2669.67,2311.79,357.88,13.41,5,4
ORD-20251125,2026-01-30,Europa,Reino Unido,Consumidor Final (B2C),Tienda Online,Moda y Calzado,Abrigos Técnicos,33.89,1,0.05,33.89,32.2,15.53,16.67,51.77,5,1
ORD-20250697,2026-01-31,Asia-Pacífico,Corea del Sur,Empresas (B2B),Tienda Online,Tecnología,Accesorios,736.23,6,0.1,4417.38,3975.64,2962.21,1013.43,25.49,5,2
ORD-20251275,2026-01-31,Asia-Pacífico,Australia,Consumidor Final (B2C),Tienda Online,Mobiliario y Oficina,Escritorios Regulables,208.32,3,0.1,624.96,562.46,331.24,231.22,41.11,4,3
ORD-20250363,2026-01-31,Asia-Pacífico,Corea del Sur,Consumidor Final (B2C),Tienda Online,Mobiliario y Oficina,Organizadores,388.48,3,0.1,1165.44,1048.9,686.78,362.12,34.52,3,2
ORD-20250913,2026-01-31,Norteamérica,Canadá,Empresas (B2B),Venta Directa,Moda y Calzado,Calzado Deportivo,150.57,5,0.1,752.85,677.57,371.79,305.78,45.13,5,2
ORD-20250263,2026-02-01,Asia-Pacífico,Corea del Sur,Consumidor Final (B2C),Tienda Online,Moda y Calzado,Abrigos Técnicos,192.15,2,0.1,384.3,345.87,207.27,138.6,40.07,4,3
ORD-20251377,2026-02-01,Norteamérica,México,Consumidor Final (B2C),Tienda Online,Moda y Calzado,Calzado Deportivo,113.17,3,0.05,339.51,322.53,170.68,151.85,47.08,3,3
ORD-20250053,2026-02-01,Europa,Francia,Consumidor Final (B2C),Marketplace,Mobiliario y Oficina,Lámparas LED,279.19,3,0.1,837.57,753.81,462.19,291.62,38.69,5,2
ORD-20250097,2026-02-01,Norteamérica,Canadá,Empresas (B2B),Distribuidores,Hogar y Electro,Aspiradoras Robot,363.84,5,0.15,1819.2,1546.32,1254.6,291.72,18.87,5,1
ORD-20251441,2026-02-01,Norteamérica,México,Consumidor Final (B2C),Distribuidores,Hogar y Electro,Domótica,171.05,2,0.0,342.1,342.1,209.93,132.17,38.63,4,3
ORD-20250296,2026-02-01,Europa,Alemania,Empresas (B2B),Tienda Online,Hogar y Electro,Purificadores de Aire,80.48,9,0.15,724.32,615.67,481.6,134.07,21.78,4,4
ORD-20251195,2026-02-02,Norteamérica,México,Consumidor Final (B2C),Tienda Online,Tecnología,Accesorios,474.01,3,0.05,1422.03,1350.93,939.88,411.05,30.43,3,1
ORD-20250790,2026-02-02,Latinoamérica,Colombia,Consumidor Final (B2C),Distribuidores,Hogar y Electro,Domótica,456.64,2,0.0,913.28,913.28,614.39,298.89,32.73,3,3
ORD-20250112,2026-02-02,Norteamérica,México,Consumidor Final (B2C),Venta Directa,Mobiliario y Oficina,Organizadores,297.46,2,0.05,594.92,565.17,390.42,174.75,30.92,5,4
ORD-20251006,2026-02-02,Europa,España,Consumidor Final (B2C),Venta Directa,Moda y Calzado,Ropa Casual,120.06,3,0.0,360.18,360.18,172.56,187.62,52.09,5,3
ORD-20251190,2026-02-02,Europa,Alemania,Consumidor Final (B2C),Tienda Online,Tecnología,Accesorios,1035.51,2,0.1,2071.02,1863.92,1250.39,613.53,32.92,4,5
ORD-20250576,2026-02-02,Latinoamérica,Perú,Consumidor Final (B2C),Tienda Online,Tecnología,Smartphones 5G,271.44,2,0.1,542.88,488.59,379.1,109.49,22.41,3,3
ORD-20250011,2026-02-02,Norteamérica,Canadá,Corporativo,Tienda Online,Moda y Calzado,Ropa Casual,156.07,15,0.25,2341.05,1755.79,930.63,825.16,47.0,5,5
ORD-20250177,2026-02-02,Norteamérica,México,Consumidor Final (B2C),Distribuidores,Hogar y Electro,Purificadores de Aire,150.54,3,0.0,451.62,451.62,294.19,157.43,34.86,5,1
ORD-20250394,2026-02-02,Norteamérica,Canadá,Consumidor Final (B2C),Marketplace,Mobiliario y Oficina,Escritorios Regulables,177.52,2,0.05,355.04,337.29,211.59,125.7,37.27,5,3
ORD-20250784,2026-02-03,Norteamérica,Estados Unidos,Consumidor Final (B2C),Tienda Online,Hogar y Electro,Aspiradoras Robot,453.7,1,0.0,453.7,453.7,302.08,151.62,33.42,5,1
ORD-20251099,2026-02-03,Latinoamérica,Argentina,Empresas (B2B),Tienda Online,Mobiliario y Oficina,Sillas Ergonómicas,346.79,8,0.1,2774.32,2496.89,1636.54,860.35,34.46,4,4
ORD-20251168,2026-02-03,Europa,España,Consumidor Final (B2C),Venta Directa,Hogar y Electro,Cafeteras Express,326.02,1,0.0,326.02,326.02,182.61,143.41,43.99,5,3
ORD-20251329,2026-02-03,Latinoamérica,Chile,Consumidor Final (B2C),Marketplace,Mobiliario y Oficina,Escritorios Regulables,413.91,3,0.05,1241.73,1179.64,778.02,401.62,34.05,4,3
ORD-20250633,2026-02-03,Norteamérica,Estados Unidos,Empresas (B2B),Marketplace,Tecnología,Auriculares Inalámbricos,427.25,7,0.05,2990.75,2841.21,2106.88,734.33,25.85,4,2
ORD-20250765,2026-02-03,Norteamérica,Canadá,Empresas (B2B),Venta Directa,Hogar y Electro,Aspiradoras Robot,483.33,5,0.15,2416.65,2054.15,1605.97,448.18,21.82,5,4
ORD-20250901,2026-02-04,Latinoamérica,Brasil,Empresas (B2B),Venta Directa,Mobiliario y Oficina,Escritorios Regulables,406.27,9,0.05,3656.43,3473.61,2105.09,1368.52,39.4,5,3
ORD-20251272,2026-02-05,Norteamérica,Estados Unidos,Corporativo,Tienda Online,Moda y Calzado,Abrigos Técnicos,143.54,15,0.25,2153.1,1614.82,805.87,808.95,50.1,4,5
ORD-20250094,2026-02-05,Europa,Reino Unido,Empresas (B2B),Venta Directa,Tecnología,Auriculares Inalámbricos,706.51,2,0.15,1413.02,1201.07,1031.84,169.23,14.09,4,5
ORD-20250345,2026-02-05,Europa,Reino Unido,Empresas (B2B),Venta Directa,Tecnología,Smartphones 5G,477.28,9,0.05,4295.52,4080.74,2817.65,1263.09,30.95,4,4
ORD-20250358,2026-02-05,Norteamérica,Canadá,Consumidor Final (B2C),Venta Directa,Moda y Calzado,Calzado Deportivo,129.0,1,0.05,129.0,122.55,48.48,74.07,60.44,3,4
ORD-20251240,2026-02-05,Norteamérica,México,Consumidor Final (B2C),Marketplace,Tecnología,Smartphones 5G,337.45,2,0.1,674.9,607.41,495.49,111.92,18.43,4,2
ORD-20250372,2026-02-05,Latinoamérica,Perú,Empresas (B2B),Distribuidores,Mobiliario y Oficina,Lámparas LED,86.13,2,0.05,172.26,163.65,112.74,50.91,31.11,4,4
ORD-20251493,2026-02-05,Europa,España,Consumidor Final (B2C),Distribuidores,Moda y Calzado,Abrigos Técnicos,187.42,2,0.1,374.84,337.36,155.86,181.5,53.8,4,2
ORD-20251370,2026-02-05,Latinoamérica,Colombia,Empresas (B2B),Venta Directa,Tecnología,Smartphones 5G,344.77,3,0.05,1034.31,982.59,742.76,239.83,24.41,5,4
ORD-20250416,2026-02-05,Norteamérica,Estados Unidos,Consumidor Final (B2C),Marketplace,Tecnología,Auriculares Inalámbricos,1110.5,1,0.1,1110.5,999.45,748.47,250.98,25.11,3,4
ORD-20250259,2026-02-06,Norteamérica,México,Consumidor Final (B2C),Distribuidores,Tecnología,Monitores 4K,1155.37,1,0.0,1155.37,1155.37,757.94,397.43,34.4,4,1
ORD-20250989,2026-02-06,Latinoamérica,Colombia,Consumidor Final (B2C),Tienda Online,Mobiliario y Oficina,Organizadores,236.68,1,0.05,236.68,224.85,159.62,65.23,29.01,5,1
ORD-20250497,2026-02-06,Norteamérica,México,Corporativo,Distribuidores,Mobiliario y Oficina,Organizadores,128.61,16,0.1,2057.76,1851.98,1361.03,490.95,26.51,4,5
ORD-20251386,2026-02-06,Europa,Alemania,Corporativo,Tienda Online,Mobiliario y Oficina,Organizadores,298.63,9,0.2,2687.67,2150.14,1636.2,513.94,23.9,4,2
ORD-20250645,2026-02-06,Europa,Reino Unido,Consumidor Final (B2C),Marketplace,Tecnología,Auriculares Inalámbricos,590.93,3,0.1,1772.79,1595.51,1221.99,373.52,23.41,5,3
ORD-20250039,2026-02-06,Norteamérica,Canadá,Consumidor Final (B2C),Marketplace,Tecnología,Smartphones 5G,473.31,2,0.1,946.62,851.96,667.03,184.93,21.71,5,2
ORD-20250863,2026-02-07,Europa,Alemania,Empresas (B2B),Venta Directa,Tecnología,Auriculares Inalámbricos,230.4,3,0.15,691.2,587.52,449.93,137.59,23.42,4,3
ORD-20251265,2026-02-07,Norteamérica,México,Consumidor Final (B2C),Venta Directa,Moda y Calzado,Ropa Casual,219.97,2,0.05,439.94,417.94,215.07,202.87,48.54,5,3
ORD-20251183,2026-02-07,Asia-Pacífico,Corea del Sur,Consumidor Final (B2C),Distribuidores,Tecnología,Smartphones 5G,1007.36,1,0.05,1007.36,956.99,613.45,343.54,35.9,3,4
ORD-20250481,2026-02-07,Latinoamérica,Colombia,Consumidor Final (B2C),Distribuidores,Mobiliario y Oficina,Sillas Ergonómicas,262.12,1,0.0,262.12,262.12,167.21,94.91,36.21,5,2
ORD-20250970,2026-02-07,Latinoamérica,Colombia,Consumidor Final (B2C),Tienda Online,Mobiliario y Oficina,Sillas Ergonómicas,396.72,2,0.05,793.44,753.77,406.99,346.78,46.01,5,5
ORD-20250073,2026-02-08,Norteamérica,Estados Unidos,Empresas (B2B),Tienda Online,Hogar y Electro,Cafeteras Express,572.48,6,0.05,3434.88,3263.14,1935.25,1327.89,40.69,4,3
ORD-20250556,2026-02-08,Latinoamérica,Perú,Consumidor Final (B2C),Distribuidores,Hogar y Electro,Aspiradoras Robot,506.61,1,0.05,506.61,481.28,280.79,200.49,41.66,5,2
ORD-20250153,2026-02-08,Europa,Alemania,Consumidor Final (B2C),Tienda Online,Tecnología,Auriculares Inalámbricos,704.22,1,0.0,704.22,704.22,450.94,253.28,35.97,4,1
ORD-20250257,2026-02-08,Latinoamérica,Perú,Empresas (B2B),Tienda Online,Tecnología,Laptops & Ultrabooks,582.91,6,0.15,3497.46,2972.84,2530.56,442.28,14.88,4,1
ORD-20250096,2026-02-09,Norteamérica,Canadá,Consumidor Final (B2C),Distribuidores,Moda y Calzado,Abrigos Técnicos,64.36,3,0.05,193.08,183.43,74.85,108.58,59.19,5,5
ORD-20251246,2026-02-09,Europa,Reino Unido,Corporativo,Venta Directa,Mobiliario y Oficina,Sillas Ergonómicas,165.63,8,0.1,1325.04,1192.54,673.19,519.35,43.55,5,1
ORD-20250068,2026-02-09,Latinoamérica,Perú,Empresas (B2B),Distribuidores,Mobiliario y Oficina,Organizadores,301.26,9,0.05,2711.34,2575.77,1796.55,779.22,30.25,5,3
ORD-20251271,2026-02-09,Latinoamérica,Colombia,Consumidor Final (B2C),Tienda Online,Moda y Calzado,Abrigos Técnicos,40.5,3,0.05,121.5,115.42,53.33,62.09,53.79,5,5
ORD-20250334,2026-02-09,Latinoamérica,Argentina,Consumidor Final (B2C),Distribuidores,Moda y Calzado,Abrigos Técnicos,191.83,2,0.1,383.66,345.29,160.5,184.79,53.52,5,5
ORD-20250223,2026-02-09,Europa,Reino Unido,Empresas (B2B),Distribuidores,Tecnología,Laptops & Ultrabooks,803.91,2,0.05,1607.82,1527.43,1105.47,421.96,27.63,5,5
ORD-20251067,2026-02-09,Norteamérica,Canadá,Consumidor Final (B2C),Tienda Online,Tecnología,Laptops & Ultrabooks,412.93,3,0.1,1238.79,1114.91,794.15,320.76,28.77,5,2
ORD-20251294,2026-02-09,Europa,Alemania,Empresas (B2B),Venta Directa,Moda y Calzado,Calzado Deportivo,181.26,7,0.15,1268.82,1078.5,492.57,585.93,54.33,5,2
ORD-20251172,2026-02-09,Europa,Alemania,Consumidor Final (B2C),Venta Directa,Mobiliario y Oficina,Escritorios Regulables,364.74,3,0.0,1094.22,1094.22,691.18,403.04,36.83,5,2
ORD-20251031,2026-02-10,Europa,España,Empresas (B2B),Tienda Online,Mobiliario y Oficina,Sillas Ergonómicas,371.52,8,0.05,2972.16,2823.55,1610.73,1212.82,42.95,4,1
ORD-20250277,2026-02-10,Norteamérica,Estados Unidos,Consumidor Final (B2C),Tienda Online,Hogar y Electro,Purificadores de Aire,414.01,3,0.05,1242.03,1179.93,765.53,414.4,35.12,3,4
ORD-20251068,2026-02-10,Latinoamérica,Perú,Consumidor Final (B2C),Tienda Online,Hogar y Electro,Cafeteras Express,225.75,1,0.1,225.75,203.18,151.6,51.58,25.39,5,2
ORD-20250164,2026-02-10,Asia-Pacífico,Japón,Empresas (B2B),Venta Directa,Tecnología,Auriculares Inalámbricos,1085.71,4,0.15,4342.84,3691.41,2892.62,798.79,21.64,4,5
ORD-20250121,2026-02-10,Latinoamérica,Argentina,Consumidor Final (B2C),Marketplace,Moda y Calzado,Calzado Deportivo,168.81,2,0.1,337.62,303.86,138.19,165.67,54.52,4,3
ORD-20251328,2026-02-10,Europa,Alemania,Consumidor Final (B2C),Tienda Online,Tecnología,Smartphones 5G,597.91,3,0.0,1793.73,1793.73,1093.62,700.11,39.03,5,3
ORD-20250025,2026-02-11,Europa,España,Consumidor Final (B2C),Venta Directa,Mobiliario y Oficina,Escritorios Regulables,426.0,3,0.0,1278.0,1278.0,860.11,417.89,32.7,5,4
ORD-20251014,2026-02-11,Asia-Pacífico,Australia,Empresas (B2B),Marketplace,Tecnología,Smartphones 5G,1019.2,2,0.15,2038.4,1732.64,1433.53,299.11,17.26,4,4
ORD-20250246,2026-02-11,Europa,Alemania,Empresas (B2B),Tienda Online,Mobiliario y Oficina,Lámparas LED,384.06,2,0.15,768.12,652.9,488.27,164.63,25.22,4,4
ORD-20250929,2026-02-11,Latinoamérica,Perú,Empresas (B2B),Tienda Online,Tecnología,Auriculares Inalámbricos,682.01,2,0.1,1364.02,1227.62,822.05,405.57,33.04,4,5
ORD-20250438,2026-02-11,Norteamérica,México,Consumidor Final (B2C),Tienda Online,Tecnología,Smartphones 5G,1076.51,1,0.05,1076.51,1022.68,684.68,338.0,33.05,4,1
ORD-20250404,2026-02-11,Asia-Pacífico,Japón,Consumidor Final (B2C),Tienda Online,Tecnología,Smartphones 5G,138.75,3,0.1,416.25,374.62,259.79,114.83,30.65,5,5
ORD-20251091,2026-02-12,Europa,Reino Unido,Consumidor Final (B2C),Venta Directa,Tecnología,Smartphones 5G,860.2,2,0.05,1720.4,1634.38,1070.78,563.6,34.48,4,5
ORD-20250422,2026-02-12,Latinoamérica,Perú,Consumidor Final (B2C),Marketplace,Mobiliario y Oficina,Organizadores,336.65,1,0.05,336.65,319.82,207.57,112.25,35.1,3,3
ORD-20250949,2026-02-12,Asia-Pacífico,Australia,Corporativo,Tienda Online,Tecnología,Monitores 4K,854.0,11,0.1,9394.0,8454.6,7039.25,1415.35,16.74,5,1
ORD-20250361,2026-02-12,Latinoamérica,Brasil,Consumidor Final (B2C),Venta Directa,Mobiliario y Oficina,Lámparas LED,201.74,3,0.0,605.22,605.22,329.19,276.03,45.61,5,3
ORD-20250806,2026-02-12,Norteamérica,Estados Unidos,Corporativo,Tienda Online,Tecnología,Laptops & Ultrabooks,144.45,16,0.25,2311.2,1733.4,1681.78,51.62,2.98,5,2
ORD-20250229,2026-02-12,Latinoamérica,Perú,Corporativo,Marketplace,Hogar y Electro,Cafeteras Express,182.82,19,0.25,3473.58,2605.18,2124.71,480.47,18.44,4,4
ORD-20250845,2026-02-12,Latinoamérica,Colombia,Empresas (B2B),Tienda Online,Tecnología,Laptops & Ultrabooks,258.7,8,0.05,2069.6,1966.12,1465.59,500.53,25.46,5,1
ORD-20251040,2026-02-12,Latinoamérica,Argentina,Corporativo,Distribuidores,Moda y Calzado,Calzado Deportivo,206.39,20,0.1,4127.8,3715.02,1821.47,1893.55,50.97,4,4
ORD-20250095,2026-02-13,Europa,Alemania,Empresas (B2B),Tienda Online,Tecnología,Laptops & Ultrabooks,713.46,4,0.15,2853.84,2425.76,1719.74,706.02,29.11,4,5
ORD-20250271,2026-02-13,Asia-Pacífico,Corea del Sur,Empresas (B2B),Tienda Online,Hogar y Electro,Purificadores de Aire,285.12,5,0.05,1425.6,1354.32,891.15,463.17,34.2,5,5
ORD-20251484,2026-02-13,Norteamérica,Estados Unidos,Consumidor Final (B2C),Tienda Online,Tecnología,Smartphones 5G,621.35,1,0.05,621.35,590.28,453.78,136.5,23.12,5,4
ORD-20250574,2026-02-13,Norteamérica,Estados Unidos,Consumidor Final (B2C),Distribuidores,Mobiliario y Oficina,Lámparas LED,309.02,3,0.1,927.06,834.35,553.98,280.37,33.6,5,5
ORD-20250314,2026-02-14,Europa,España,Consumidor Final (B2C),Distribuidores,Tecnología,Monitores 4K,598.92,2,0.0,1197.84,1197.84,758.51,439.33,36.68,3,4
ORD-20251288,2026-02-14,Latinoamérica,Colombia,Consumidor Final (B2C),Distribuidores,Tecnología,Accesorios,649.95,3,0.0,1949.85,1949.85,1261.15,688.7,35.32,3,3
ORD-20250026,2026-02-14,Norteamérica,Estados Unidos,Empresas (B2B),Tienda Online,Moda y Calzado,Accesorios y Bolsos,183.82,2,0.15,367.64,312.49,137.36,175.13,56.04,5,5
ORD-20250413,2026-02-14,Asia-Pacífico,Australia,Empresas (B2B),Tienda Online,Hogar y Electro,Aspiradoras Robot,158.73,3,0.15,476.19,404.76,304.3,100.46,24.82,4,4
ORD-20250493,2026-02-14,Latinoamérica,Brasil,Consumidor Final (B2C),Tienda Online,Tecnología,Monitores 4K,473.81,1,0.1,473.81,426.43,295.91,130.52,30.61,4,5
ORD-20251428,2026-02-14,Asia-Pacífico,Australia,Consumidor Final (B2C),Distribuidores,Tecnología,Smartphones 5G,970.29,1,0.0,970.29,970.29,621.37,348.92,35.96,4,1
ORD-20251128,2026-02-14,Norteamérica,México,Corporativo,Distribuidores,Moda y Calzado,Abrigos Técnicos,185.8,19,0.15,3530.2,3000.67,1292.82,1707.85,56.92,5,1
ORD-20251169,2026-02-14,Norteamérica,México,Consumidor Final (B2C),Venta Directa,Hogar y Electro,Purificadores de Aire,232.81,2,0.1,465.62,419.06,299.13,119.93,28.62,5,2
ORD-20251216,2026-02-15,Norteamérica,Estados Unidos,Corporativo,Tienda Online,Tecnología,Monitores 4K,188.7,10,0.15,1887.0,1603.95,1210.43,393.52,24.53,4,3
ORD-20250753,2026-02-15,Latinoamérica,Perú,Empresas (B2B),Tienda Online,Tecnología,Smartphones 5G,155.11,9,0.05,1395.99,1326.19,927.1,399.09,30.09,5,3
ORD-20250313,2026-02-15,Europa,Alemania,Empresas (B2B),Venta Directa,Moda y Calzado,Ropa Casual,95.78,2,0.15,191.56,162.83,90.49,72.34,44.43,4,2
ORD-20251148,2026-02-15,Europa,Reino Unido,Consumidor Final (B2C),Distribuidores,Tecnología,Monitores 4K,563.8,1,0.05,563.8,535.61,346.89,188.72,35.23,5,1
ORD-20251380,2026-02-15,Latinoamérica,Perú,Consumidor Final (B2C),Marketplace,Moda y Calzado,Abrigos Técnicos,210.08,3,0.0,630.24,630.24,310.41,319.83,50.75,4,3
ORD-20251149,2026-02-15,Norteamérica,Canadá,Corporativo,Distribuidores,Hogar y Electro,Aspiradoras Robot,198.96,14,0.1,2785.44,2506.9,1934.34,572.56,22.84,4,5
ORD-20250947,2026-02-16,Europa,Reino Unido,Consumidor Final (B2C),Marketplace,Mobiliario y Oficina,Escritorios Regulables,230.83,3,0.1,692.49,623.24,455.05,168.19,26.99,4,1
ORD-20250266,2026-02-16,Asia-Pacífico,Singapur,Empresas (B2B),Tienda Online,Mobiliario y Oficina,Escritorios Regulables,362.82,8,0.15,2902.56,2467.18,1472.31,994.87,40.32,5,5
ORD-20250848,2026-02-16,Asia-Pacífico,Singapur,Consumidor Final (B2C),Distribuidores,Tecnología,Monitores 4K,431.42,2,0.1,862.84,776.56,604.28,172.28,22.19,5,5
ORD-20251069,2026-02-16,Europa,Reino Unido,Consumidor Final (B2C),Tienda Online,Tecnología,Auriculares Inalámbricos,871.93,2,0.05,1743.86,1656.67,1199.14,457.53,27.62,4,5
ORD-20251365,2026-02-16,Europa,Alemania,Empresas (B2B),Distribuidores,Tecnología,Smartphones 5G,630.49,7,0.05,4413.43,4192.76,3127.06,1065.7,25.42,5,4
ORD-20250317,2026-02-16,Latinoamérica,Chile,Consumidor Final (B2C),Tienda Online,Mobiliario y Oficina,Escritorios Regulables,67.72,2,0.1,135.44,121.9,90.36,31.54,25.87,4,4
ORD-20250703,2026-02-17,Norteamérica,México,Consumidor Final (B2C),Marketplace,Hogar y Electro,Cafeteras Express,229.71,3,0.1,689.13,620.22,478.11,142.11,22.91,5,1
ORD-20250607,2026-02-17,Norteamérica,Estados Unidos,Empresas (B2B),Venta Directa,Mobiliario y Oficina,Escritorios Regulables,443.7,7,0.05,3105.9,2950.61,2098.63,851.98,28.87,4,4
ORD-20250890,2026-02-17,Europa,Francia,Consumidor Final (B2C),Venta Directa,Moda y Calzado,Calzado Deportivo,211.59,1,0.1,211.59,190.43,86.39,104.04,54.63,4,2
ORD-20250908,2026-02-17,Europa,Reino Unido,Consumidor Final (B2C),Venta Directa,Mobiliario y Oficina,Organizadores,66.19,1,0.05,66.19,62.88,40.26,22.62,35.97,5,3
ORD-20250606,2026-02-17,Europa,Francia,Consumidor Final (B2C),Distribuidores,Moda y Calzado,Abrigos Técnicos,123.99,2,0.05,247.98,235.58,136.24,99.34,42.17,4,2
ORD-20250803,2026-02-17,Latinoamérica,Brasil,Consumidor Final (B2C),Tienda Online,Hogar y Electro,Cafeteras Express,342.69,2,0.0,685.38,685.38,421.07,264.31,38.56,5,3
ORD-20251082,2026-02-17,Europa,España,Corporativo,Tienda Online,Mobiliario y Oficina,Sillas Ergonómicas,306.33,12,0.1,3675.96,3308.36,1981.97,1326.39,40.09,5,4
ORD-20251352,2026-02-18,Europa,Reino Unido,Consumidor Final (B2C),Tienda Online,Moda y Calzado,Abrigos Técnicos,71.94,3,0.05,215.82,205.03,111.5,93.53,45.62,4,2
ORD-20251293,2026-02-18,Europa,España,Consumidor Final (B2C),Venta Directa,Tecnología,Smartphones 5G,179.79,1,0.0,179.79,179.79,110.25,69.54,38.68,5,4
ORD-20251498,2026-02-18,Europa,Reino Unido,Consumidor Final (B2C),Venta Directa,Mobiliario y Oficina,Lámparas LED,266.95,2,0.0,533.9,533.9,268.34,265.56,49.74,5,2
ORD-20251448,2026-02-18,Norteamérica,Estados Unidos,Consumidor Final (B2C),Distribuidores,Hogar y Electro,Aspiradoras Robot,169.63,3,0.0,508.89,508.89,347.9,160.99,31.64,3,5
ORD-20250327,2026-02-18,Latinoamérica,Chile,Consumidor Final (B2C),Venta Directa,Tecnología,Monitores 4K,625.3,1,0.1,625.3,562.77,413.86,148.91,26.46,3,2
ORD-20250811,2026-02-18,Norteamérica,Canadá,Consumidor Final (B2C),Tienda Online,Tecnología,Auriculares Inalámbricos,325.46,2,0.1,650.92,585.83,481.59,104.24,17.79,5,1
ORD-20251063,2026-02-18,Norteamérica,Canadá,Consumidor Final (B2C),Tienda Online,Mobiliario y Oficina,Escritorios Regulables,70.06,1,0.0,70.06,70.06,45.09,24.97,35.64,4,1
ORD-20250632,2026-02-19,Latinoamérica,Chile,Consumidor Final (B2C),Distribuidores,Moda y Calzado,Abrigos Técnicos,150.07,2,0.05,300.14,285.13,136.72,148.41,52.05,5,5
ORD-20250526,2026-02-19,Europa,Francia,Consumidor Final (B2C),Tienda Online,Mobiliario y Oficina,Organizadores,62.69,2,0.0,125.38,125.38,75.66,49.72,39.66,4,4
ORD-20250074,2026-02-19,Europa,Alemania,Consumidor Final (B2C),Tienda Online,Tecnología,Monitores 4K,128.49,2,0.1,256.98,231.28,186.04,45.24,19.56,5,1
ORD-20250238,2026-02-19,Asia-Pacífico,Australia,Empresas (B2B),Tienda Online,Moda y Calzado,Abrigos Técnicos,91.82,8,0.15,734.56,624.38,296.96,327.42,52.44,3,3
ORD-20250376,2026-02-19,Norteamérica,México,Consumidor Final (B2C),Marketplace,Moda y Calzado,Ropa Casual,93.63,1,0.0,93.63,93.63,45.35,48.28,51.56,4,3
ORD-20250230,2026-02-19,Latinoamérica,Brasil,Consumidor Final (B2C),Distribuidores,Tecnología,Smartphones 5G,897.77,3,0.1,2693.31,2423.98,1868.33,555.65,22.92,5,2
ORD-20250452,2026-02-19,Norteamérica,México,Empresas (B2B),Tienda Online,Mobiliario y Oficina,Sillas Ergonómicas,438.73,7,0.05,3071.11,2917.55,1845.01,1072.54,36.76,5,5
ORD-20250932,2026-02-20,Norteamérica,México,Empresas (B2B),Tienda Online,Hogar y Electro,Purificadores de Aire,541.83,8,0.1,4334.64,3901.18,3021.45,879.73,22.55,5,3
ORD-20250946,2026-02-20,Europa,Alemania,Consumidor Final (B2C),Venta Directa,Tecnología,Laptops & Ultrabooks,1010.37,2,0.05,2020.74,1919.7,1308.01,611.69,31.86,3,4
ORD-20251202,2026-02-20,Asia-Pacífico,Corea del Sur,Consumidor Final (B2C),Tienda Online,Hogar y Electro,Aspiradoras Robot,402.67,2,0.0,805.34,805.34,531.58,273.76,33.99,5,1
ORD-20250192,2026-02-20,Norteamérica,Estados Unidos,Empresas (B2B),Venta Directa,Tecnología,Accesorios,644.3,5,0.1,3221.5,2899.35,2338.64,560.71,19.34,4,2
ORD-20250047,2026-02-21,Latinoamérica,Perú,Consumidor Final (B2C),Marketplace,Tecnología,Smartphones 5G,503.25,3,0.0,1509.75,1509.75,989.47,520.28,34.46,5,5
ORD-20250513,2026-02-21,Latinoamérica,Argentina,Empresas (B2B),Venta Directa,Tecnología,Laptops & Ultrabooks,1229.68,8,0.05,9837.44,9345.57,7038.35,2307.22,24.69,5,3
ORD-20251321,2026-02-21,Asia-Pacífico,Corea del Sur,Consumidor Final (B2C),Tienda Online,Mobiliario y Oficina,Lámparas LED,387.62,3,0.0,1162.86,1162.86,787.28,375.58,32.3,4,2
ORD-20251238,2026-02-21,Asia-Pacífico,Singapur,Empresas (B2B),Venta Directa,Moda y Calzado,Accesorios y Bolsos,130.2,6,0.05,781.2,742.14,337.6,404.54,54.51,5,1
ORD-20250084,2026-02-21,Asia-Pacífico,Corea del Sur,Empresas (B2B),Venta Directa,Tecnología,Auriculares Inalámbricos,234.85,2,0.1,469.7,422.73,330.12,92.61,21.91,4,1
ORD-20250570,2026-02-21,Europa,Francia,Corporativo,Tienda Online,Mobiliario y Oficina,Lámparas LED,340.66,21,0.1,7153.86,6438.47,4040.71,2397.76,37.24,5,1
ORD-20250383,2026-02-21,Latinoamérica,Perú,Consumidor Final (B2C),Tienda Online,Tecnología,Monitores 4K,1299.33,1,0.05,1299.33,1234.36,848.61,385.75,31.25,5,2
ORD-20250254,2026-02-22,Latinoamérica,Chile,Empresas (B2B),Marketplace,Mobiliario y Oficina,Lámparas LED,73.92,4,0.05,295.68,280.9,189.35,91.55,32.59,3,5
ORD-20251431,2026-02-22,Asia-Pacífico,Singapur,Corporativo,Tienda Online,Hogar y Electro,Purificadores de Aire,545.48,21,0.1,11455.08,10309.57,7679.71,2629.86,25.51,5,1
ORD-20251155,2026-02-22,Latinoamérica,Chile,Consumidor Final (B2C),Venta Directa,Moda y Calzado,Abrigos Técnicos,43.85,3,0.05,131.55,124.97,60.92,64.05,51.25,5,3
ORD-20250896,2026-02-22,Latinoamérica,Argentina,Empresas (B2B),Tienda Online,Hogar y Electro,Aspiradoras Robot,138.39,3,0.1,415.17,373.65,255.21,118.44,31.7,4,3
ORD-20250113,2026-02-22,Latinoamérica,Colombia,Consumidor Final (B2C),Tienda Online,Mobiliario y Oficina,Escritorios Regulables,288.61,1,0.05,288.61,274.18,190.97,83.21,30.35,5,4
ORD-20250417,2026-02-22,Europa,Reino Unido,Corporativo,Tienda Online,Moda y Calzado,Accesorios y Bolsos,131.1,13,0.25,1704.3,1278.22,738.01,540.21,42.26,4,5
ORD-20250659,2026-02-22,Europa,Francia,Consumidor Final (B2C),Tienda Online,Hogar y Electro,Aspiradoras Robot,187.05,1,0.0,187.05,187.05,130.81,56.24,30.07,4,5
ORD-20251244,2026-02-22,Norteamérica,Estados Unidos,Consumidor Final (B2C),Tienda Online,Moda y Calzado,Abrigos Técnicos,96.34,3,0.1,289.02,260.12,143.81,116.31,44.71,5,1
ORD-20250503,2026-02-23,Europa,Francia,Corporativo,Distribuidores,Moda y Calzado,Ropa Casual,166.06,22,0.25,3653.32,2739.99,1896.78,843.21,30.77,4,5
ORD-20250086,2026-02-23,Norteamérica,Canadá,Consumidor Final (B2C),Venta Directa,Tecnología,Laptops & Ultrabooks,895.97,1,0.05,895.97,851.17,641.85,209.32,24.59,5,1
ORD-20250601,2026-02-23,Europa,Reino Unido,Consumidor Final (B2C),Venta Directa,Mobiliario y Oficina,Organizadores,179.07,2,0.05,358.14,340.23,215.3,124.93,36.72,4,2
ORD-20250779,2026-02-23,Latinoamérica,Colombia,Corporativo,Distribuidores,Moda y Calzado,Ropa Casual,98.62,13,0.1,1282.06,1153.85,689.17,464.68,40.27,4,5
ORD-20251318,2026-02-23,Latinoamérica,Argentina,Consumidor Final (B2C),Venta Directa,Tecnología,Smartphones 5G,792.77,2,0.0,1585.54,1585.54,1044.49,541.05,34.12,5,4
ORD-20250837,2026-02-23,Norteamérica,Estados Unidos,Empresas (B2B),Tienda Online,Tecnología,Smartphones 5G,761.42,7,0.1,5329.94,4796.95,3273.09,1523.86,31.77,5,4
ORD-20250469,2026-02-23,Asia-Pacífico,Singapur,Consumidor Final (B2C),Distribuidores,Tecnología,Laptops & Ultrabooks,806.91,1,0.05,806.91,766.56,600.29,166.27,21.69,5,5
ORD-20251234,2026-02-23,Europa,Reino Unido,Consumidor Final (B2C),Venta Directa,Hogar y Electro,Domótica,553.55,3,0.1,1660.65,1494.59,995.31,499.28,33.41,4,5
ORD-20251153,2026-02-24,Europa,Reino Unido,Empresas (B2B),Tienda Online,Tecnología,Auriculares Inalámbricos,821.65,3,0.15,2464.95,2095.21,1830.05,265.16,12.66,5,2
ORD-20250442,2026-02-24,Europa,España,Consumidor Final (B2C),Tienda Online,Hogar y Electro,Aspiradoras Robot,450.67,1,0.0,450.67,450.67,276.44,174.23,38.66,4,5
ORD-20250596,2026-02-24,Asia-Pacífico,Singapur,Consumidor Final (B2C),Venta Directa,Tecnología,Smartphones 5G,664.65,1,0.0,664.65,664.65,430.66,233.99,35.2,5,2
ORD-20250770,2026-02-25,Latinoamérica,Perú,Empresas (B2B),Tienda Online,Moda y Calzado,Calzado Deportivo,192.23,3,0.15,576.69,490.19,219.65,270.54,55.19,5,4
ORD-20251019,2026-02-25,Norteamérica,Estados Unidos,Consumidor Final (B2C),Venta Directa,Hogar y Electro,Domótica,346.68,2,0.1,693.36,624.02,401.37,222.65,35.68,4,4
ORD-20251282,2026-02-25,Norteamérica,México,Empresas (B2B),Distribuidores,Mobiliario y Oficina,Sillas Ergonómicas,48.85,4,0.05,195.4,185.63,131.1,54.53,29.38,3,4
ORD-20251316,2026-02-25,Europa,Francia,Empresas (B2B),Tienda Online,Hogar y Electro,Aspiradoras Robot,221.82,7,0.1,1552.74,1397.47,1006.37,391.1,27.99,4,1
ORD-20251397,2026-02-25,Norteamérica,México,Consumidor Final (B2C),Tienda Online,Hogar y Electro,Aspiradoras Robot,497.8,2,0.05,995.6,945.82,580.74,365.08,38.6,5,5
ORD-20250772,2026-02-25,Europa,Francia,Corporativo,Venta Directa,Moda y Calzado,Accesorios y Bolsos,46.77,5,0.1,233.85,210.47,123.22,87.25,41.45,5,4
ORD-20251248,2026-02-26,Norteamérica,México,Consumidor Final (B2C),Distribuidores,Hogar y Electro,Domótica,515.28,2,0.0,1030.56,1030.56,714.67,315.89,30.65,5,5
ORD-20251284,2026-02-26,Latinoamérica,Argentina,Empresas (B2B),Distribuidores,Mobiliario y Oficina,Lámparas LED,304.97,6,0.15,1829.82,1555.35,1038.02,517.33,33.26,4,5
ORD-20251237,2026-02-26,Norteamérica,Estados Unidos,Consumidor Final (B2C),Tienda Online,Moda y Calzado,Accesorios y Bolsos,175.92,2,0.0,351.84,351.84,193.34,158.5,45.05,5,4
ORD-20250107,2026-02-27,Latinoamérica,Brasil,Empresas (B2B),Venta Directa,Tecnología,Auriculares Inalámbricos,441.89,7,0.05,3093.23,2938.57,2270.83,667.74,22.72,4,1
ORD-20250451,2026-02-27,Europa,España,Corporativo,Tienda Online,Moda y Calzado,Accesorios y Bolsos,170.78,7,0.1,1195.46,1075.91,591.74,484.17,45.0,4,1
ORD-20250610,2026-02-27,Norteamérica,Estados Unidos,Consumidor Final (B2C),Distribuidores,Tecnología,Accesorios,905.04,2,0.0,1810.08,1810.08,1303.93,506.15,27.96,3,4
ORD-20250999,2026-02-27,Asia-Pacífico,Corea del Sur,Consumidor Final (B2C),Venta Directa,Mobiliario y Oficina,Organizadores,47.51,2,0.05,95.02,90.27,51.43,38.84,43.03,4,3
ORD-20251023,2026-02-27,Europa,Alemania,Empresas (B2B),Tienda Online,Tecnología,Smartphones 5G,550.94,2,0.1,1101.88,991.69,709.91,281.78,28.41,5,5
ORD-20250541,2026-02-27,Europa,Alemania,Consumidor Final (B2C),Tienda Online,Tecnología,Monitores 4K,452.9,2,0.05,905.8,860.51,642.72,217.79,25.31,5,2
ORD-20250324,2026-02-27,Asia-Pacífico,Japón,Corporativo,Marketplace,Mobiliario y Oficina,Lámparas LED,184.45,19,0.25,3504.55,2628.41,1865.25,763.16,29.04,4,1
ORD-20250531,2026-02-27,Norteamérica,Canadá,Empresas (B2B),Tienda Online,Moda y Calzado,Abrigos Técnicos,215.6,8,0.1,1724.8,1552.32,757.22,795.1,51.22,4,5
ORD-20250639,2026-02-27,Asia-Pacífico,Australia,Corporativo,Marketplace,Mobiliario y Oficina,Organizadores,72.09,24,0.1,1730.16,1557.14,935.89,621.25,39.9,4,1
ORD-20250260,2026-02-27,Europa,Francia,Empresas (B2B),Tienda Online,Tecnología,Auriculares Inalámbricos,633.32,5,0.05,3166.6,3008.27,2237.26,771.01,25.63,3,3
ORD-20251378,2026-02-28,Europa,Reino Unido,Consumidor Final (B2C),Venta Directa,Moda y Calzado,Calzado Deportivo,213.32,2,0.0,426.64,426.64,176.25,250.39,58.69,5,1
ORD-20250514,2026-02-28,Norteamérica,México,Consumidor Final (B2C),Venta Directa,Tecnología,Laptops & Ultrabooks,813.29,3,0.0,2439.87,2439.87,1646.64,793.23,32.51,4,3
ORD-20250925,2026-02-28,Norteamérica,Canadá,Consumidor Final (B2C),Tienda Online,Tecnología,Smartphones 5G,406.27,1,0.0,406.27,406.27,280.26,126.01,31.02,4,4
ORD-20250131,2026-02-28,Europa,España,Consumidor Final (B2C),Tienda Online,Moda y Calzado,Abrigos Técnicos,109.63,2,0.1,219.26,197.33,86.42,110.91,56.21,5,3
ORD-20250865,2026-02-28,Norteamérica,Estados Unidos,Corporativo,Tienda Online,Moda y Calzado,Ropa Casual,190.66,7,0.2,1334.62,1067.7,570.57,497.13,46.56,5,5
ORD-20250629,2026-02-28,Europa,Reino Unido,Empresas (B2B),Tienda Online,Tecnología,Auriculares Inalámbricos,892.1,5,0.15,4460.5,3791.42,2804.61,986.81,26.03,3,5
ORD-20250508,2026-02-28,Norteamérica,México,Empresas (B2B),Tienda Online,Hogar y Electro,Cafeteras Express,177.22,3,0.05,531.66,505.08,316.7,188.38,37.3,4,2
ORD-20250247,2026-02-28,Europa,Alemania,Consumidor Final (B2C),Distribuidores,Tecnología,Laptops & Ultrabooks,245.64,1,0.0,245.64,245.64,156.11,89.53,36.45,5,5
ORD-20250953,2026-03-01,Norteamérica,Canadá,Consumidor Final (B2C),Distribuidores,Mobiliario y Oficina,Lámparas LED,278.92,2,0.1,557.84,502.06,330.11,171.95,34.25,4,4
ORD-20251440,2026-03-01,Norteamérica,Estados Unidos,Consumidor Final (B2C),Marketplace,Hogar y Electro,Domótica,515.54,3,0.05,1546.62,1469.29,968.39,500.9,34.09,5,1
ORD-20250823,2026-03-01,Asia-Pacífico,Corea del Sur,Empresas (B2B),Marketplace,Moda y Calzado,Ropa Casual,66.71,9,0.1,600.39,540.35,303.82,236.53,43.77,4,3
ORD-20251423,2026-03-02,Latinoamérica,Perú,Corporativo,Distribuidores,Moda y Calzado,Calzado Deportivo,102.03,23,0.2,2346.69,1877.35,941.95,935.4,49.83,5,1
ORD-20251306,2026-03-02,Europa,España,Empresas (B2B),Tienda Online,Tecnología,Accesorios,557.25,6,0.05,3343.5,3176.32,2266.07,910.25,28.66,5,5
ORD-20250494,2026-03-03,Europa,Alemania,Consumidor Final (B2C),Tienda Online,Hogar y Electro,Purificadores de Aire,586.73,1,0.05,586.73,557.39,360.0,197.39,35.41,5,5
ORD-20250780,2026-03-03,Latinoamérica,Colombia,Consumidor Final (B2C),Tienda Online,Tecnología,Smartphones 5G,145.9,3,0.05,437.7,415.81,267.31,148.5,35.71,5,1
ORD-20250449,2026-03-03,Norteamérica,Estados Unidos,Consumidor Final (B2C),Tienda Online,Tecnología,Accesorios,252.2,3,0.0,756.6,756.6,471.43,285.17,37.69,5,5
ORD-20250258,2026-03-03,Europa,Francia,Consumidor Final (B2C),Venta Directa,Moda y Calzado,Accesorios y Bolsos,145.75,1,0.0,145.75,145.75,71.85,73.9,50.7,3,4
ORD-20250785,2026-03-03,Norteamérica,México,Empresas (B2B),Tienda Online,Mobiliario y Oficina,Lámparas LED,196.67,5,0.1,983.35,885.01,504.03,380.98,43.05,4,2
ORD-20250183,2026-03-03,Norteamérica,México,Empresas (B2B),Marketplace,Mobiliario y Oficina,Escritorios Regulables,287.35,6,0.15,1724.1,1465.48,880.58,584.9,39.91,5,4
ORD-20250012,2026-03-03,Europa,Francia,Consumidor Final (B2C),Venta Directa,Hogar y Electro,Domótica,422.66,3,0.05,1267.98,1204.58,794.79,409.79,34.02,4,4
ORD-20251165,2026-03-04,Europa,Francia,Consumidor Final (B2C),Tienda Online,Mobiliario y Oficina,Organizadores,106.67,3,0.1,320.01,288.01,164.42,123.59,42.91,5,5
ORD-20250538,2026-03-04,Latinoamérica,Brasil,Empresas (B2B),Tienda Online,Moda y Calzado,Accesorios y Bolsos,46.31,8,0.05,370.48,351.96,137.0,214.96,61.08,4,2
ORD-20251213,2026-03-04,Asia-Pacífico,Singapur,Consumidor Final (B2C),Venta Directa,Moda y Calzado,Ropa Casual,219.02,1,0.05,219.02,208.07,102.32,105.75,50.82,5,3
ORD-20250409,2026-03-04,Europa,Reino Unido,Consumidor Final (B2C),Marketplace,Tecnología,Accesorios,799.17,2,0.0,1598.34,1598.34,1127.4,470.94,29.46,5,4
ORD-20251500,2026-03-05,Europa,Alemania,Consumidor Final (B2C),Tienda Online,Mobiliario y Oficina,Organizadores,409.06,1,0.0,409.06,409.06,277.87,131.19,32.07,4,4
ORD-20251257,2026-03-05,Norteamérica,México,Corporativo,Venta Directa,Tecnología,Laptops & Ultrabooks,270.29,5,0.25,1351.45,1013.59,1011.38,2.21,0.22,4,2
ORD-20250175,2026-03-05,Europa,Alemania,Empresas (B2B),Venta Directa,Tecnología,Laptops & Ultrabooks,1262.36,9,0.1,11361.24,10225.12,7612.54,2612.58,25.55,4,4
ORD-20250309,2026-03-06,Europa,Reino Unido,Empresas (B2B),Marketplace,Tecnología,Auriculares Inalámbricos,432.99,4,0.1,1731.96,1558.76,1121.52,437.24,28.05,5,2
ORD-20250333,2026-03-06,Latinoamérica,Colombia,Corporativo,Venta Directa,Hogar y Electro,Aspiradoras Robot,439.0,6,0.25,2634.0,1975.5,1497.48,478.02,24.2,4,4
ORD-20251304,2026-03-06,Latinoamérica,Chile,Corporativo,Distribuidores,Tecnología,Monitores 4K,495.51,6,0.25,2973.06,2229.8,1936.89,292.91,13.14,5,2
ORD-20250598,2026-03-07,Europa,Alemania,Consumidor Final (B2C),Tienda Online,Moda y Calzado,Abrigos Técnicos,30.43,2,0.05,60.86,57.82,21.54,36.28,62.75,5,1
ORD-20250613,2026-03-07,Norteamérica,Estados Unidos,Empresas (B2B),Venta Directa,Hogar y Electro,Cafeteras Express,188.75,5,0.05,943.75,896.56,631.73,264.83,29.54,5,5
ORD-20250174,2026-03-07,Norteamérica,México,Empresas (B2B),Venta Directa,Moda y Calzado,Abrigos Técnicos,52.86,8,0.1,422.88,380.59,181.96,198.63,52.19,4,2
ORD-20250662,2026-03-07,Norteamérica,Canadá,Consumidor Final (B2C),Tienda Online,Tecnología,Accesorios,357.02,2,0.0,714.04,714.04,481.58,232.46,32.56,4,3
ORD-20251401,2026-03-07,Norteamérica,México,Consumidor Final (B2C),Marketplace,Hogar y Electro,Domótica,432.59,1,0.0,432.59,432.59,258.47,174.12,40.25,4,4
ORD-20250681,2026-03-07,Europa,Francia,Consumidor Final (B2C),Tienda Online,Tecnología,Auriculares Inalámbricos,385.96,1,0.0,385.96,385.96,279.85,106.11,27.49,5,2
ORD-20250992,2026-03-07,Norteamérica,Estados Unidos,Consumidor Final (B2C),Tienda Online,Tecnología,Auriculares Inalámbricos,254.04,2,0.05,508.08,482.68,352.88,129.8,26.89,5,1
ORD-20250458,2026-03-07,Norteamérica,Canadá,Consumidor Final (B2C),Tienda Online,Mobiliario y Oficina,Escritorios Regulables,322.83,3,0.0,968.49,968.49,502.94,465.55,48.07,5,1
ORD-20250049,2026-03-07,Norteamérica,Estados Unidos,Empresas (B2B),Distribuidores,Tecnología,Accesorios,1169.18,6,0.05,7015.08,6664.33,4457.06,2207.27,33.12,5,4
ORD-20250362,2026-03-07,Norteamérica,México,Consumidor Final (B2C),Tienda Online,Tecnología,Auriculares Inalámbricos,546.58,1,0.1,546.58,491.92,368.21,123.71,25.15,4,2
ORD-20250708,2026-03-08,Asia-Pacífico,Australia,Consumidor Final (B2C),Tienda Online,Moda y Calzado,Calzado Deportivo,131.0,3,0.05,393.0,373.35,147.56,225.79,60.48,5,4
ORD-20250024,2026-03-08,Europa,España,Corporativo,Tienda Online,Moda y Calzado,Ropa Casual,27.98,23,0.15,643.54,547.01,289.73,257.28,47.03,5,5
ORD-20250407,2026-03-08,Latinoamérica,Argentina,Consumidor Final (B2C),Tienda Online,Tecnología,Laptops & Ultrabooks,401.38,3,0.0,1204.14,1204.14,759.69,444.45,36.91,5,5
ORD-20250437,2026-03-08,Latinoamérica,Perú,Consumidor Final (B2C),Venta Directa,Moda y Calzado,Ropa Casual,215.96,1,0.1,215.96,194.36,104.61,89.75,46.18,4,2
ORD-20251247,2026-03-08,Norteamérica,Canadá,Empresas (B2B),Tienda Online,Hogar y Electro,Cafeteras Express,352.95,4,0.1,1411.8,1270.62,886.14,384.48,30.26,5,2
ORD-20250900,2026-03-08,Asia-Pacífico,Singapur,Consumidor Final (B2C),Tienda Online,Mobiliario y Oficina,Escritorios Regulables,355.33,1,0.1,355.33,319.8,224.32,95.48,29.86,4,1
ORD-20251222,2026-03-08,Norteamérica,México,Consumidor Final (B2C),Tienda Online,Moda y Calzado,Accesorios y Bolsos,84.76,1,0.1,84.76,76.28,34.85,41.43,54.31,4,1
ORD-20251456,2026-03-08,Europa,España,Consumidor Final (B2C),Tienda Online,Tecnología,Laptops & Ultrabooks,1008.26,1,0.0,1008.26,1008.26,684.89,323.37,32.07,5,2
ORD-20250418,2026-03-08,Norteamérica,México,Consumidor Final (B2C),Tienda Online,Tecnología,Monitores 4K,1291.23,3,0.1,3873.69,3486.32,2899.89,586.43,16.82,5,3
ORD-20250587,2026-03-09,Norteamérica,Estados Unidos,Consumidor Final (B2C),Tienda Online,Tecnología,Monitores 4K,243.12,3,0.1,729.36,656.42,504.32,152.1,23.17,4,1
ORD-20250489,2026-03-09,Asia-Pacífico,Singapur,Empresas (B2B),Tienda Online,Mobiliario y Oficina,Sillas Ergonómicas,42.21,9,0.05,379.89,360.9,256.45,104.45,28.94,5,2
ORD-20251188,2026-03-09,Norteamérica,Canadá,Empresas (B2B),Distribuidores,Tecnología,Accesorios,1190.71,9,0.15,10716.39,9108.93,7221.34,1887.59,20.72,5,3
ORD-20251214,2026-03-10,Asia-Pacífico,Singapur,Consumidor Final (B2C),Tienda Online,Hogar y Electro,Domótica,449.72,1,0.0,449.72,449.72,250.92,198.8,44.21,4,4
ORD-20250922,2026-03-10,Asia-Pacífico,Australia,Consumidor Final (B2C),Tienda Online,Tecnología,Laptops & Ultrabooks,1000.33,1,0.05,1000.33,950.31,739.17,211.14,22.22,4,2
ORD-20251353,2026-03-10,Europa,Francia,Consumidor Final (B2C),Tienda Online,Hogar y Electro,Domótica,344.54,1,0.1,344.54,310.09,232.78,77.31,24.93,5,3
ORD-20250205,2026-03-10,Norteamérica,México,Corporativo,Tienda Online,Moda y Calzado,Accesorios y Bolsos,42.95,16,0.2,687.2,549.76,326.23,223.53,40.66,5,5
ORD-20251057,2026-03-11,Latinoamérica,Chile,Empresas (B2B),Tienda Online,Mobiliario y Oficina,Organizadores,335.82,2,0.15,671.64,570.89,431.22,139.67,24.47,4,3
ORD-20251451,2026-03-11,Europa,España,Empresas (B2B),Tienda Online,Hogar y Electro,Domótica,480.13,8,0.15,3841.04,3264.88,2217.09,1047.79,32.09,5,5
ORD-20251337,2026-03-11,Norteamérica,Estados Unidos,Consumidor Final (B2C),Distribuidores,Tecnología,Auriculares Inalámbricos,511.88,1,0.0,511.88,511.88,363.04,148.84,29.08,5,5
ORD-20251236,2026-03-11,Latinoamérica,Argentina,Empresas (B2B),Venta Directa,Tecnología,Laptops & Ultrabooks,1087.09,8,0.15,8696.72,7392.21,6487.93,904.28,12.23,4,3
ORD-20250788,2026-03-11,Norteamérica,México,Corporativo,Distribuidores,Mobiliario y Oficina,Sillas Ergonómicas,176.39,19,0.15,3351.41,2848.7,2245.33,603.37,21.18,5,3
ORD-20250944,2026-03-11,Latinoamérica,Brasil,Consumidor Final (B2C),Tienda Online,Mobiliario y Oficina,Sillas Ergonómicas,337.24,3,0.0,1011.72,1011.72,558.56,453.16,44.79,5,3
ORD-20250683,2026-03-11,Europa,Francia,Consumidor Final (B2C),Distribuidores,Mobiliario y Oficina,Organizadores,176.57,3,0.1,529.71,476.74,274.06,202.68,42.51,3,1
ORD-20251340,2026-03-11,Norteamérica,Canadá,Consumidor Final (B2C),Tienda Online,Tecnología,Auriculares Inalámbricos,1116.79,2,0.05,2233.58,2121.9,1529.37,592.53,27.92,4,1
ORD-20250273,2026-03-12,Latinoamérica,Colombia,Corporativo,Distribuidores,Tecnología,Monitores 4K,87.13,24,0.15,2091.12,1777.45,1299.65,477.8,26.88,3,2
ORD-20250369,2026-03-12,Norteamérica,Estados Unidos,Consumidor Final (B2C),Tienda Online,Mobiliario y Oficina,Organizadores,164.69,2,0.05,329.38,312.91,182.58,130.33,41.65,5,4
ORD-20251311,2026-03-12,Norteamérica,México,Consumidor Final (B2C),Distribuidores,Hogar y Electro,Cafeteras Express,365.01,1,0.05,365.01,346.76,212.05,134.71,38.85,5,4
ORD-20251187,2026-03-12,Asia-Pacífico,Australia,Corporativo,Tienda Online,Hogar y Electro,Cafeteras Express,119.64,20,0.25,2392.8,1794.6,1581.12,213.48,11.9,4,5
ORD-20250800,2026-03-12,Europa,Reino Unido,Corporativo,Marketplace,Moda y Calzado,Ropa Casual,79.15,5,0.1,395.75,356.18,206.54,149.64,42.01,5,1
ORD-20251242,2026-03-12,Europa,Reino Unido,Empresas (B2B),Venta Directa,Hogar y Electro,Domótica,498.02,8,0.05,3984.16,3784.95,2406.72,1378.23,36.41,4,2
ORD-20250595,2026-03-12,Latinoamérica,Brasil,Consumidor Final (B2C),Venta Directa,Tecnología,Monitores 4K,631.76,3,0.0,1895.28,1895.28,1333.85,561.43,29.62,5,5
ORD-20251179,2026-03-12,Asia-Pacífico,Japón,Corporativo,Venta Directa,Tecnología,Smartphones 5G,697.87,16,0.25,11165.92,8374.44,7630.18,744.26,8.89,5,5
ORD-20251490,2026-03-12,Europa,Francia,Empresas (B2B),Distribuidores,Mobiliario y Oficina,Sillas Ergonómicas,239.98,5,0.1,1199.9,1079.91,787.37,292.54,27.09,4,4
ORD-20251460,2026-03-12,Europa,Francia,Empresas (B2B),Tienda Online,Tecnología,Smartphones 5G,337.44,5,0.1,1687.2,1518.48,1087.13,431.35,28.41,5,5
ORD-20250938,2026-03-13,Europa,Reino Unido,Consumidor Final (B2C),Marketplace,Tecnología,Laptops & Ultrabooks,277.03,2,0.05,554.06,526.36,355.37,170.99,32.49,4,3
ORD-20251331,2026-03-13,Asia-Pacífico,Japón,Empresas (B2B),Tienda Online,Tecnología,Smartphones 5G,1137.01,7,0.05,7959.07,7561.12,5841.99,1719.13,22.74,4,5
ORD-20250214,2026-03-13,Latinoamérica,Chile,Empresas (B2B),Distribuidores,Mobiliario y Oficina,Sillas Ergonómicas,166.2,9,0.15,1495.8,1271.43,1004.44,266.99,21.0,4,2
ORD-20250704,2026-03-13,Latinoamérica,Brasil,Empresas (B2B),Tienda Online,Hogar y Electro,Aspiradoras Robot,185.56,5,0.05,927.8,881.41,543.06,338.35,38.39,4,3
ORD-20250069,2026-03-14,Norteamérica,México,Empresas (B2B),Tienda Online,Mobiliario y Oficina,Escritorios Regulables,419.0,3,0.15,1257.0,1068.45,842.15,226.3,21.18,5,4
ORD-20251122,2026-03-14,Europa,Reino Unido,Consumidor Final (B2C),Venta Directa,Hogar y Electro,Purificadores de Aire,398.62,1,0.05,398.62,378.69,273.02,105.67,27.9,5,1
ORD-20250389,2026-03-14,Latinoamérica,Chile,Consumidor Final (B2C),Venta Directa,Tecnología,Auriculares Inalámbricos,163.4,2,0.1,326.8,294.12,213.77,80.35,27.32,5,3
ORD-20251356,2026-03-14,Europa,Alemania,Consumidor Final (B2C),Distribuidores,Tecnología,Monitores 4K,953.15,1,0.05,953.15,905.49,634.51,270.98,29.93,4,5
ORD-20251479,2026-03-15,Norteamérica,México,Empresas (B2B),Tienda Online,Tecnología,Laptops & Ultrabooks,386.99,5,0.15,1934.95,1644.71,1306.29,338.42,20.58,4,2
ORD-20250745,2026-03-15,Norteamérica,México,Corporativo,Tienda Online,Moda y Calzado,Abrigos Técnicos,195.62,10,0.2,1956.2,1564.96,826.37,738.59,47.2,5,5
ORD-20250459,2026-03-15,Norteamérica,México,Empresas (B2B),Tienda Online,Hogar y Electro,Aspiradoras Robot,218.52,2,0.05,437.04,415.19,273.35,141.84,34.16,3,5
ORD-20250809,2026-03-15,Asia-Pacífico,Corea del Sur,Empresas (B2B),Tienda Online,Mobiliario y Oficina,Lámparas LED,315.16,7,0.1,2206.12,1985.51,1335.86,649.65,32.72,5,2
ORD-20251269,2026-03-16,Norteamérica,Estados Unidos,Consumidor Final (B2C),Marketplace,Mobiliario y Oficina,Escritorios Regulables,352.19,3,0.1,1056.57,950.91,662.22,288.69,30.36,4,3
ORD-20250005,2026-03-16,Asia-Pacífico,Corea del Sur,Consumidor Final (B2C),Tienda Online,Hogar y Electro,Aspiradoras Robot,491.21,1,0.0,491.21,491.21,342.88,148.33,30.2,5,4
ORD-20250851,2026-03-16,Europa,Reino Unido,Empresas (B2B),Tienda Online,Tecnología,Monitores 4K,346.66,4,0.1,1386.64,1247.98,986.48,261.5,20.95,5,3
ORD-20250971,2026-03-16,Asia-Pacífico,Singapur,Consumidor Final (B2C),Tienda Online,Moda y Calzado,Ropa Casual,159.46,1,0.05,159.46,151.49,86.39,65.1,42.97,3,1
ORD-20250501,2026-03-16,Norteamérica,Canadá,Consumidor Final (B2C),Tienda Online,Tecnología,Accesorios,876.73,1,0.0,876.73,876.73,640.07,236.66,26.99,5,4
ORD-20250740,2026-03-16,Asia-Pacífico,Corea del Sur,Empresas (B2B),Tienda Online,Tecnología,Auriculares Inalámbricos,1192.04,8,0.05,9536.32,9059.5,5855.47,3204.03,35.37,5,4
ORD-20250236,2026-03-16,Norteamérica,Estados Unidos,Corporativo,Distribuidores,Tecnología,Auriculares Inalámbricos,1205.36,23,0.15,27723.28,23564.79,18237.47,5327.32,22.61,3,4
ORD-20251018,2026-03-16,Norteamérica,Canadá,Consumidor Final (B2C),Tienda Online,Tecnología,Accesorios,102.56,3,0.1,307.68,276.91,195.13,81.78,29.53,4,1
ORD-20251001,2026-03-16,Norteamérica,México,Empresas (B2B),Tienda Online,Tecnología,Auriculares Inalámbricos,1231.58,8,0.05,9852.64,9360.01,6107.67,3252.34,34.75,5,4
ORD-20250582,2026-03-16,Europa,Reino Unido,Consumidor Final (B2C),Tienda Online,Tecnología,Auriculares Inalámbricos,269.67,1,0.1,269.67,242.7,167.62,75.08,30.94,3,5
ORD-20250104,2026-03-16,Norteamérica,Canadá,Empresas (B2B),Distribuidores,Moda y Calzado,Accesorios y Bolsos,69.48,2,0.15,138.96,118.12,65.62,52.5,44.45,4,5
ORD-20251205,2026-03-16,Europa,España,Empresas (B2B),Tienda Online,Moda y Calzado,Ropa Casual,195.85,3,0.15,587.55,499.42,310.14,189.28,37.9,4,4
ORD-20250217,2026-03-16,Europa,Francia,Consumidor Final (B2C),Tienda Online,Mobiliario y Oficina,Escritorios Regulables,139.93,3,0.1,419.79,377.81,235.26,142.55,37.73,5,3
ORD-20251407,2026-03-16,Asia-Pacífico,Singapur,Corporativo,Tienda Online,Moda y Calzado,Calzado Deportivo,129.89,19,0.15,2467.91,2097.72,1139.13,958.59,45.7,5,2
ORD-20251471,2026-03-16,Norteamérica,Estados Unidos,Empresas (B2B),Venta Directa,Moda y Calzado,Calzado Deportivo,117.44,8,0.15,939.52,798.59,499.25,299.34,37.48,5,4
ORD-20250509,2026-03-17,Norteamérica,México,Consumidor Final (B2C),Distribuidores,Tecnología,Laptops & Ultrabooks,1189.6,2,0.1,2379.2,2141.28,1441.47,699.81,32.68,5,4
ORD-20250184,2026-03-17,Norteamérica,Canadá,Consumidor Final (B2C),Tienda Online,Tecnología,Laptops & Ultrabooks,901.59,2,0.1,1803.18,1622.86,1238.32,384.54,23.7,4,5
ORD-20251400,2026-03-17,Europa,España,Consumidor Final (B2C),Marketplace,Hogar y Electro,Domótica,577.81,1,0.1,577.81,520.03,403.87,116.16,22.34,5,2
ORD-20250589,2026-03-17,Latinoamérica,Chile,Consumidor Final (B2C),Tienda Online,Mobiliario y Oficina,Lámparas LED,356.35,3,0.05,1069.05,1015.6,690.77,324.83,31.98,4,5
ORD-20250308,2026-03-17,Norteamérica,Canadá,Consumidor Final (B2C),Tienda Online,Moda y Calzado,Accesorios y Bolsos,149.03,2,0.1,298.06,268.25,104.73,163.52,60.96,5,1
ORD-20251409,2026-03-17,Europa,España,Empresas (B2B),Tienda Online,Tecnología,Smartphones 5G,656.49,4,0.1,2625.96,2363.36,1887.26,476.1,20.15,4,1
ORD-20250529,2026-03-17,Norteamérica,México,Consumidor Final (B2C),Distribuidores,Hogar y Electro,Aspiradoras Robot,74.28,3,0.0,222.84,222.84,126.92,95.92,43.04,5,4
ORD-20251215,2026-03-17,Norteamérica,Estados Unidos,Consumidor Final (B2C),Distribuidores,Mobiliario y Oficina,Organizadores,45.38,2,0.0,90.76,90.76,58.12,32.64,35.96,5,5
ORD-20250419,2026-03-18,Europa,Alemania,Empresas (B2B),Venta Directa,Tecnología,Auriculares Inalámbricos,677.64,3,0.1,2032.92,1829.63,1512.98,316.65,17.31,5,4
ORD-20250414,2026-03-18,Asia-Pacífico,Singapur,Empresas (B2B),Tienda Online,Tecnología,Smartphones 5G,401.34,5,0.05,2006.7,1906.37,1491.5,414.87,21.76,5,5
ORD-20250019,2026-03-18,Norteamérica,México,Consumidor Final (B2C),Tienda Online,Moda y Calzado,Accesorios y Bolsos,144.25,2,0.1,288.5,259.65,129.91,129.74,49.97,5,1
ORD-20250170,2026-03-18,Latinoamérica,Argentina,Corporativo,Venta Directa,Tecnología,Laptops & Ultrabooks,1173.58,11,0.15,12909.38,10972.97,7773.35,3199.62,29.16,5,1
ORD-20250853,2026-03-18,Norteamérica,México,Empresas (B2B),Venta Directa,Mobiliario y Oficina,Escritorios Regulables,435.15,3,0.15,1305.45,1109.63,707.49,402.14,36.24,5,3
ORD-20250682,2026-03-18,Europa,Francia,Consumidor Final (B2C),Venta Directa,Mobiliario y Oficina,Sillas Ergonómicas,97.37,1,0.0,97.37,97.37,52.93,44.44,45.64,4,5
ORD-20251108,2026-03-18,Europa,Reino Unido,Consumidor Final (B2C),Tienda Online,Mobiliario y Oficina,Sillas Ergonómicas,435.11,1,0.1,435.11,391.6,243.88,147.72,37.72,5,1
ORD-20250799,2026-03-19,Norteamérica,Canadá,Consumidor Final (B2C),Distribuidores,Tecnología,Laptops & Ultrabooks,85.45,3,0.1,256.35,230.72,162.99,67.73,29.36,5,1
ORD-20250355,2026-03-19,Norteamérica,Canadá,Empresas (B2B),Venta Directa,Tecnología,Smartphones 5G,1125.43,5,0.1,5627.15,5064.43,3588.05,1476.38,29.15,5,1
ORD-20250931,2026-03-19,Norteamérica,Estados Unidos,Empresas (B2B),Distribuidores,Tecnología,Auriculares Inalámbricos,1052.17,6,0.05,6313.02,5997.37,4210.94,1786.43,29.79,4,3
ORD-20250473,2026-03-19,Norteamérica,Estados Unidos,Consumidor Final (B2C),Venta Directa,Moda y Calzado,Accesorios y Bolsos,149.29,1,0.05,149.29,141.83,74.3,67.53,47.61,4,4
ORD-20250371,2026-03-19,Europa,Reino Unido,Corporativo,Tienda Online,Mobiliario y Oficina,Sillas Ergonómicas,92.93,24,0.25,2230.32,1672.74,1373.34,299.4,17.9,4,5
ORD-20251319,2026-03-19,Europa,España,Consumidor Final (B2C),Venta Directa,Mobiliario y Oficina,Sillas Ergonómicas,244.85,2,0.0,489.7,489.7,285.92,203.78,41.61,5,4
ORD-20250795,2026-03-20,Asia-Pacífico,Japón,Empresas (B2B),Venta Directa,Tecnología,Laptops & Ultrabooks,851.68,9,0.15,7665.12,6515.35,4692.52,1822.83,27.98,3,2
ORD-20250129,2026-03-20,Norteamérica,Canadá,Consumidor Final (B2C),Venta Directa,Hogar y Electro,Purificadores de Aire,51.77,2,0.05,103.54,98.36,62.47,35.89,36.49,5,4
ORD-20251100,2026-03-20,Latinoamérica,Chile,Empresas (B2B),Tienda Online,Mobiliario y Oficina,Sillas Ergonómicas,163.25,4,0.1,653.0,587.7,408.26,179.44,30.53,5,5
ORD-20250805,2026-03-21,Asia-Pacífico,Australia,Consumidor Final (B2C),Tienda Online,Tecnología,Monitores 4K,841.54,3,0.0,2524.62,2524.62,1883.71,640.91,25.39,4,3
ORD-20251461,2026-03-21,Norteamérica,Estados Unidos,Corporativo,Tienda Online,Mobiliario y Oficina,Sillas Ergonómicas,302.95,6,0.15,1817.7,1545.05,945.53,599.52,38.8,5,4
ORD-20251177,2026-03-21,Latinoamérica,Brasil,Consumidor Final (B2C),Tienda Online,Mobiliario y Oficina,Sillas Ergonómicas,374.43,2,0.05,748.86,711.42,418.54,292.88,41.17,5,1
ORD-20251133,2026-03-21,Asia-Pacífico,Japón,Corporativo,Distribuidores,Mobiliario y Oficina,Escritorios Regulables,311.25,14,0.2,4357.5,3486.0,2754.72,731.28,20.98,5,2
ORD-20251445,2026-03-21,Europa,España,Consumidor Final (B2C),Distribuidores,Moda y Calzado,Calzado Deportivo,156.48,1,0.1,156.48,140.83,74.42,66.41,47.16,5,3
ORD-20250619,2026-03-22,Asia-Pacífico,Corea del Sur,Empresas (B2B),Venta Directa,Tecnología,Monitores 4K,783.18,5,0.05,3915.9,3720.11,2520.69,1199.42,32.24,5,3
ORD-20250895,2026-03-22,Norteamérica,Estados Unidos,Empresas (B2B),Distribuidores,Tecnología,Smartphones 5G,83.44,9,0.05,750.96,713.41,516.87,196.54,27.55,5,2
ORD-20250034,2026-03-22,Europa,Francia,Consumidor Final (B2C),Tienda Online,Mobiliario y Oficina,Organizadores,225.83,3,0.0,677.49,677.49,372.86,304.63,44.96,4,5
ORD-20250825,2026-03-22,Latinoamérica,Chile,Corporativo,Distribuidores,Mobiliario y Oficina,Sillas Ergonómicas,193.77,20,0.2,3875.4,3100.32,1946.34,1153.98,37.22,4,2
ORD-20250103,2026-03-22,Europa,España,Consumidor Final (B2C),Tienda Online,Tecnología,Smartphones 5G,319.12,3,0.05,957.36,909.49,689.27,220.22,24.21,4,1
ORD-20250568,2026-03-23,Norteamérica,México,Empresas (B2B),Tienda Online,Tecnología,Auriculares Inalámbricos,938.12,6,0.15,5628.72,4784.41,4184.58,599.83,12.54,3,5
ORD-20250151,2026-03-23,Europa,España,Consumidor Final (B2C),Tienda Online,Moda y Calzado,Calzado Deportivo,120.23,1,0.0,120.23,120.23,54.71,65.52,54.5,3,3
ORD-20250859,2026-03-23,Europa,Francia,Consumidor Final (B2C),Venta Directa,Mobiliario y Oficina,Escritorios Regulables,422.64,2,0.05,845.28,803.02,445.29,357.73,44.55,5,4
ORD-20250381,2026-03-23,Latinoamérica,Argentina,Consumidor Final (B2C),Tienda Online,Hogar y Electro,Domótica,425.89,3,0.0,1277.67,1277.67,847.38,430.29,33.68,4,3
ORD-20251474,2026-03-23,Norteamérica,México,Corporativo,Tienda Online,Moda y Calzado,Ropa Casual,181.29,13,0.2,2356.77,1885.42,1045.67,839.75,44.54,5,4
ORD-20250485,2026-03-23,Latinoamérica,Perú,Consumidor Final (B2C),Distribuidores,Mobiliario y Oficina,Sillas Ergonómicas,421.06,3,0.05,1263.18,1200.02,721.39,478.63,39.89,4,2
ORD-20250234,2026-03-23,Asia-Pacífico,Japón,Consumidor Final (B2C),Venta Directa,Mobiliario y Oficina,Organizadores,153.58,2,0.05,307.16,291.8,194.52,97.28,33.34,3,3
ORD-20251259,2026-03-23,Europa,Alemania,Consumidor Final (B2C),Tienda Online,Mobiliario y Oficina,Sillas Ergonómicas,83.52,1,0.0,83.52,83.52,48.43,35.09,42.01,5,5
ORD-20250641,2026-03-23,Norteamérica,Estados Unidos,Consumidor Final (B2C),Venta Directa,Tecnología,Smartphones 5G,1000.16,1,0.05,1000.16,950.15,725.03,225.12,23.69,3,4
ORD-20250804,2026-03-23,Norteamérica,Estados Unidos,Empresas (B2B),Tienda Online,Tecnología,Auriculares Inalámbricos,220.6,2,0.15,441.2,375.02,324.57,50.45,13.45,5,3
ORD-20251035,2026-03-24,Europa,Alemania,Consumidor Final (B2C),Marketplace,Hogar y Electro,Purificadores de Aire,321.05,2,0.05,642.1,610.0,369.18,240.82,39.48,5,2
ORD-20250222,2026-03-24,Asia-Pacífico,Singapur,Consumidor Final (B2C),Tienda Online,Hogar y Electro,Domótica,88.5,2,0.1,177.0,159.3,116.11,43.19,27.11,4,4
ORD-20250918,2026-03-24,Latinoamérica,Chile,Corporativo,Tienda Online,Tecnología,Monitores 4K,268.57,20,0.1,5371.4,4834.26,3400.04,1434.22,29.67,5,5
ORD-20250441,2026-03-24,Latinoamérica,Argentina,Empresas (B2B),Venta Directa,Tecnología,Auriculares Inalámbricos,867.24,5,0.15,4336.2,3685.77,2940.03,745.74,20.23,5,2
ORD-20251464,2026-03-24,Latinoamérica,Brasil,Consumidor Final (B2C),Distribuidores,Tecnología,Laptops & Ultrabooks,668.39,2,0.1,1336.78,1203.1,932.98,270.12,22.45,4,1
ORD-20251463,2026-03-24,Norteamérica,México,Empresas (B2B),Tienda Online,Mobiliario y Oficina,Organizadores,218.9,6,0.05,1313.4,1247.73,822.26,425.47,34.1,5,5
ORD-20250841,2026-03-25,Norteamérica,México,Consumidor Final (B2C),Venta Directa,Tecnología,Monitores 4K,847.23,1,0.1,847.23,762.51,545.68,216.83,28.44,5,5
ORD-20250278,2026-03-25,Asia-Pacífico,Australia,Corporativo,Venta Directa,Tecnología,Auriculares Inalámbricos,216.53,24,0.2,5196.72,4157.38,3686.25,471.13,11.33,5,3
ORD-20250542,2026-03-25,Latinoamérica,Colombia,Consumidor Final (B2C),Distribuidores,Tecnología,Auriculares Inalámbricos,383.21,2,0.05,766.42,728.1,502.69,225.41,30.96,4,5
ORD-20250080,2026-03-25,Europa,Alemania,Empresas (B2B),Distribuidores,Hogar y Electro,Domótica,145.56,5,0.1,727.8,655.02,503.71,151.31,23.1,4,4
ORD-20250636,2026-03-25,Europa,España,Empresas (B2B),Tienda Online,Tecnología,Auriculares Inalámbricos,188.7,7,0.15,1320.9,1122.77,878.25,244.52,21.78,5,4
ORD-20250297,2026-03-25,Norteamérica,Canadá,Empresas (B2B),Tienda Online,Mobiliario y Oficina,Sillas Ergonómicas,280.96,6,0.1,1685.76,1517.18,943.62,573.56,37.8,5,5
ORD-20250132,2026-03-25,Latinoamérica,Argentina,Empresas (B2B),Marketplace,Moda y Calzado,Abrigos Técnicos,170.71,8,0.05,1365.68,1297.4,737.55,559.85,43.15,4,4
ORD-20251412,2026-03-25,Europa,Reino Unido,Consumidor Final (B2C),Venta Directa,Tecnología,Laptops & Ultrabooks,444.57,2,0.05,889.14,844.68,570.02,274.66,32.52,4,3
ORD-20251142,2026-03-25,Asia-Pacífico,Singapur,Consumidor Final (B2C),Tienda Online,Mobiliario y Oficina,Sillas Ergonómicas,316.2,1,0.05,316.2,300.39,204.34,96.05,31.98,5,3
ORD-20250294,2026-03-25,Europa,Francia,Empresas (B2B),Distribuidores,Tecnología,Accesorios,816.39,6,0.05,4898.34,4653.42,2974.78,1678.64,36.07,3,2
ORD-20250638,2026-03-25,Latinoamérica,Colombia,Consumidor Final (B2C),Tienda Online,Tecnología,Smartphones 5G,927.85,2,0.0,1855.7,1855.7,1173.95,681.75,36.74,4,5
ORD-20251008,2026-03-26,Norteamérica,México,Consumidor Final (B2C),Distribuidores,Moda y Calzado,Calzado Deportivo,52.31,3,0.1,156.93,141.24,62.34,78.9,55.86,4,1
ORD-20251034,2026-03-26,Latinoamérica,Colombia,Consumidor Final (B2C),Tienda Online,Hogar y Electro,Cafeteras Express,348.54,3,0.0,1045.62,1045.62,648.86,396.76,37.94,5,4
ORD-20250744,2026-03-26,Norteamérica,Canadá,Consumidor Final (B2C),Tienda Online,Tecnología,Monitores 4K,660.77,1,0.1,660.77,594.69,451.97,142.72,24.0,5,1
ORD-20250893,2026-03-26,Norteamérica,Canadá,Empresas (B2B),Venta Directa,Mobiliario y Oficina,Lámparas LED,318.6,4,0.1,1274.4,1146.96,835.17,311.79,27.18,4,2
ORD-20251143,2026-03-26,Latinoamérica,Argentina,Empresas (B2B),Tienda Online,Tecnología,Laptops & Ultrabooks,269.26,6,0.15,1615.56,1373.23,1148.49,224.74,16.37,5,1
ORD-20251011,2026-03-27,Asia-Pacífico,Corea del Sur,Empresas (B2B),Venta Directa,Mobiliario y Oficina,Lámparas LED,50.94,4,0.15,203.76,173.2,104.0,69.2,39.95,4,2
ORD-20250749,2026-03-27,Norteamérica,México,Consumidor Final (B2C),Venta Directa,Hogar y Electro,Purificadores de Aire,419.66,3,0.1,1258.98,1133.08,862.82,270.26,23.85,3,2
ORD-20250911,2026-03-27,Latinoamérica,Perú,Consumidor Final (B2C),Venta Directa,Mobiliario y Oficina,Lámparas LED,133.65,1,0.1,133.65,120.29,80.23,40.06,33.3,5,3
ORD-20250457,2026-03-27,Norteamérica,México,Consumidor Final (B2C),Venta Directa,Hogar y Electro,Cafeteras Express,208.86,1,0.05,208.86,198.42,120.1,78.32,39.47,4,2
ORD-20250398,2026-03-27,Norteamérica,Estados Unidos,Empresas (B2B),Tienda Online,Moda y Calzado,Calzado Deportivo,96.9,8,0.05,775.2,736.44,397.05,339.39,46.09,4,2
ORD-20250685,2026-03-28,Norteamérica,Estados Unidos,Consumidor Final (B2C),Distribuidores,Moda y Calzado,Accesorios y Bolsos,157.78,3,0.05,473.34,449.67,250.0,199.67,44.4,5,5
ORD-20250289,2026-03-28,Norteamérica,México,Corporativo,Tienda Online,Hogar y Electro,Aspiradoras Robot,531.32,17,0.15,9032.44,7677.57,5946.14,1731.43,22.55,3,3
ORD-20250374,2026-03-28,Europa,Alemania,Consumidor Final (B2C),Venta Directa,Mobiliario y Oficina,Lámparas LED,378.26,1,0.05,378.26,359.35,220.7,138.65,38.58,5,2
ORD-20251273,2026-03-28,Europa,Reino Unido,Empresas (B2B),Venta Directa,Moda y Calzado,Accesorios y Bolsos,117.22,5,0.05,586.1,556.79,271.46,285.33,51.25,5,5
ORD-20250612,2026-03-28,Europa,Reino Unido,Empresas (B2B),Venta Directa,Moda y Calzado,Abrigos Técnicos,73.86,6,0.1,443.16,398.84,193.05,205.79,51.6,5,1
ORD-20250343,2026-03-28,Norteamérica,Canadá,Corporativo,Venta Directa,Tecnología,Smartphones 5G,801.26,17,0.2,13621.42,10897.14,8874.24,2022.9,18.56,5,3
ORD-20250125,2026-03-28,Latinoamérica,Brasil,Consumidor Final (B2C),Tienda Online,Mobiliario y Oficina,Organizadores,348.81,1,0.05,348.81,331.37,208.28,123.09,37.15,5,2
ORD-20250807,2026-03-29,Europa,Francia,Empresas (B2B),Tienda Online,Tecnología,Monitores 4K,222.81,9,0.1,2005.29,1804.76,1360.54,444.22,24.61,5,4
ORD-20250169,2026-03-29,Europa,Alemania,Consumidor Final (B2C),Distribuidores,Tecnología,Accesorios,1086.63,2,0.0,2173.26,2173.26,1313.91,859.35,39.54,5,2
ORD-20250463,2026-03-29,Norteamérica,México,Consumidor Final (B2C),Tienda Online,Hogar y Electro,Domótica,407.03,1,0.05,407.03,386.68,243.44,143.24,37.04,3,4
ORD-20250453,2026-03-29,Europa,Reino Unido,Consumidor Final (B2C),Distribuidores,Moda y Calzado,Ropa Casual,113.42,2,0.05,226.84,215.5,81.88,133.62,62.0,4,5
ORD-20251022,2026-03-29,Norteamérica,Estados Unidos,Empresas (B2B),Venta Directa,Hogar y Electro,Purificadores de Aire,306.3,8,0.05,2450.4,2327.88,1457.24,870.64,37.4,4,3
ORD-20250972,2026-03-29,Asia-Pacífico,Corea del Sur,Consumidor Final (B2C),Venta Directa,Tecnología,Smartphones 5G,1342.26,1,0.05,1342.26,1275.15,951.82,323.33,25.36,4,4
ORD-20251102,2026-03-30,Europa,Francia,Empresas (B2B),Tienda Online,Tecnología,Monitores 4K,170.36,6,0.15,1022.16,868.84,725.14,143.7,16.54,4,4
ORD-20250349,2026-03-30,Latinoamérica,Brasil,Consumidor Final (B2C),Tienda Online,Tecnología,Smartphones 5G,400.16,2,0.0,800.32,800.32,514.92,285.4,35.66,4,2
ORD-20250673,2026-03-31,Asia-Pacífico,Japón,Empresas (B2B),Distribuidores,Hogar y Electro,Purificadores de Aire,335.57,2,0.05,671.14,637.58,391.77,245.81,38.55,5,3
ORD-20250321,2026-03-31,Norteamérica,Canadá,Empresas (B2B),Tienda Online,Hogar y Electro,Purificadores de Aire,439.89,3,0.05,1319.67,1253.69,788.1,465.59,37.14,5,3
ORD-20250339,2026-03-31,Asia-Pacífico,Australia,Consumidor Final (B2C),Marketplace,Moda y Calzado,Ropa Casual,27.34,1,0.1,27.34,24.61,13.62,10.99,44.66,5,2
ORD-20250092,2026-04-01,Latinoamérica,Chile,Consumidor Final (B2C),Marketplace,Tecnología,Smartphones 5G,318.89,1,0.05,318.89,302.95,214.88,88.07,29.07,4,4
ORD-20250565,2026-04-01,Norteamérica,Canadá,Empresas (B2B),Tienda Online,Tecnología,Laptops & Ultrabooks,1218.41,9,0.1,10965.69,9869.12,6894.96,2974.16,30.14,4,3
ORD-20251292,2026-04-01,Norteamérica,México,Consumidor Final (B2C),Tienda Online,Tecnología,Auriculares Inalámbricos,658.78,1,0.1,658.78,592.9,491.86,101.04,17.04,5,3
ORD-20250098,2026-04-01,Latinoamérica,Chile,Empresas (B2B),Tienda Online,Mobiliario y Oficina,Escritorios Regulables,395.24,2,0.05,790.48,750.96,506.56,244.4,32.55,5,1
ORD-20250204,2026-04-01,Latinoamérica,Chile,Empresas (B2B),Tienda Online,Hogar y Electro,Cafeteras Express,335.84,8,0.15,2686.72,2283.71,1721.71,562.0,24.61,5,3
ORD-20250937,2026-04-01,Asia-Pacífico,Australia,Consumidor Final (B2C),Venta Directa,Tecnología,Auriculares Inalámbricos,722.76,2,0.0,1445.52,1445.52,1065.99,379.53,26.26,4,5
ORD-20251055,2026-04-01,Europa,Francia,Consumidor Final (B2C),Marketplace,Tecnología,Auriculares Inalámbricos,1184.71,1,0.1,1184.71,1066.24,731.63,334.61,31.38,3,1
ORD-20251090,2026-04-02,Europa,España,Corporativo,Distribuidores,Mobiliario y Oficina,Organizadores,330.09,10,0.25,3300.9,2475.68,2135.93,339.75,13.72,5,4
ORD-20250002,2026-04-02,Europa,Francia,Consumidor Final (B2C),Tienda Online,Tecnología,Monitores 4K,682.01,3,0.05,2046.03,1943.73,1288.9,654.83,33.69,5,1
ORD-20250855,2026-04-02,Norteamérica,México,Consumidor Final (B2C),Venta Directa,Tecnología,Laptops & Ultrabooks,652.03,3,0.0,1956.09,1956.09,1264.4,691.69,35.36,4,3
ORD-20251426,2026-04-02,Latinoamérica,Perú,Empresas (B2B),Venta Directa,Tecnología,Smartphones 5G,109.47,7,0.15,766.29,651.35,521.0,130.35,20.01,4,5
ORD-20250699,2026-04-02,Asia-Pacífico,Corea del Sur,Empresas (B2B),Tienda Online,Tecnología,Auriculares Inalámbricos,287.6,5,0.15,1438.0,1222.3,978.48,243.82,19.95,4,3
ORD-20250887,2026-04-03,Latinoamérica,Colombia,Consumidor Final (B2C),Tienda Online,Moda y Calzado,Ropa Casual,53.92,1,0.05,53.92,51.22,26.7,24.52,47.87,5,5
ORD-20250476,2026-04-03,Europa,Alemania,Corporativo,Tienda Online,Hogar y Electro,Cafeteras Express,315.1,20,0.15,6302.0,5356.7,3729.03,1627.67,30.39,4,3
ORD-20251418,2026-04-03,Europa,Francia,Consumidor Final (B2C),Marketplace,Tecnología,Smartphones 5G,544.74,3,0.0,1634.22,1634.22,1031.86,602.36,36.86,5,4
ORD-20250445,2026-04-03,Europa,Alemania,Consumidor Final (B2C),Tienda Online,Mobiliario y Oficina,Organizadores,339.06,1,0.05,339.06,322.11,191.44,130.67,40.57,5,5
ORD-20250968,2026-04-04,Europa,Alemania,Empresas (B2B),Marketplace,Tecnología,Laptops & Ultrabooks,1100.91,8,0.1,8807.28,7926.55,5337.37,2589.18,32.66,5,5
ORD-20250077,2026-04-04,Europa,Francia,Consumidor Final (B2C),Marketplace,Hogar y Electro,Aspiradoras Robot,364.23,2,0.1,728.46,655.61,495.12,160.49,24.48,5,3
ORD-20250232,2026-04-04,Latinoamérica,Argentina,Empresas (B2B),Tienda Online,Tecnología,Monitores 4K,1323.03,6,0.05,7938.18,7541.27,4827.67,2713.6,35.98,5,1
ORD-20250303,2026-04-04,Latinoamérica,Brasil,Consumidor Final (B2C),Venta Directa,Tecnología,Smartphones 5G,1263.48,1,0.0,1263.48,1263.48,851.81,411.67,32.58,4,2
ORD-20250395,2026-04-05,Norteamérica,Estados Unidos,Consumidor Final (B2C),Tienda Online,Mobiliario y Oficina,Sillas Ergonómicas,419.9,3,0.05,1259.7,1196.71,724.84,471.87,39.43,5,2
ORD-20250482,2026-04-05,Norteamérica,México,Empresas (B2B),Tienda Online,Tecnología,Accesorios,1325.49,3,0.05,3976.47,3777.65,2906.1,871.55,23.07,3,1
ORD-20251196,2026-04-05,Latinoamérica,Colombia,Consumidor Final (B2C),Tienda Online,Moda y Calzado,Ropa Casual,90.04,3,0.05,270.12,256.61,112.05,144.56,56.33,3,3
ORD-20250243,2026-04-05,Norteamérica,Estados Unidos,Consumidor Final (B2C),Tienda Online,Mobiliario y Oficina,Sillas Ergonómicas,253.23,3,0.1,759.69,683.72,415.84,267.88,39.18,3,2
ORD-20251404,2026-04-05,Asia-Pacífico,Singapur,Empresas (B2B),Venta Directa,Tecnología,Accesorios,1121.43,3,0.05,3364.29,3196.08,2115.26,1080.82,33.82,5,5
ORD-20250406,2026-04-05,Europa,Francia,Empresas (B2B),Marketplace,Hogar y Electro,Domótica,475.24,4,0.15,1900.96,1615.82,1267.49,348.33,21.56,4,1
ORD-20250354,2026-04-05,Europa,España,Empresas (B2B),Tienda Online,Hogar y Electro,Purificadores de Aire,151.37,6,0.05,908.22,862.81,502.5,360.31,41.76,5,1
ORD-20251051,2026-04-05,Norteamérica,México,Empresas (B2B),Tienda Online,Mobiliario y Oficina,Escritorios Regulables,264.94,9,0.05,2384.46,2265.24,1407.35,857.89,37.87,5,1
ORD-20250808,2026-04-06,Norteamérica,México,Empresas (B2B),Venta Directa,Tecnología,Smartphones 5G,1308.34,3,0.15,3925.02,3336.27,2550.12,786.15,23.56,5,1
ORD-20250776,2026-04-06,Latinoamérica,Colombia,Empresas (B2B),Distribuidores,Hogar y Electro,Aspiradoras Robot,501.91,9,0.15,4517.19,3839.61,2711.8,1127.81,29.37,4,5
ORD-20250826,2026-04-06,Norteamérica,México,Consumidor Final (B2C),Marketplace,Tecnología,Auriculares Inalámbricos,336.91,3,0.0,1010.73,1010.73,755.87,254.86,25.22,5,4
ORD-20250401,2026-04-06,Latinoamérica,Chile,Empresas (B2B),Tienda Online,Hogar y Electro,Domótica,227.89,4,0.05,911.56,865.98,574.72,291.26,33.63,5,3
ORD-20250027,2026-04-06,Asia-Pacífico,Corea del Sur,Consumidor Final (B2C),Tienda Online,Mobiliario y Oficina,Lámparas LED,278.02,3,0.05,834.06,792.36,501.38,290.98,36.72,4,5
ORD-20251016,2026-04-06,Europa,Alemania,Consumidor Final (B2C),Marketplace,Tecnología,Monitores 4K,716.86,3,0.1,2150.58,1935.52,1550.03,385.49,19.92,5,2
ORD-20251098,2026-04-07,Europa,Francia,Consumidor Final (B2C),Distribuidores,Moda y Calzado,Ropa Casual,128.18,1,0.05,128.18,121.77,51.68,70.09,57.56,5,1
ORD-20251491,2026-04-07,Latinoamérica,Chile,Consumidor Final (B2C),Marketplace,Tecnología,Monitores 4K,547.31,2,0.1,1094.62,985.16,717.39,267.77,27.18,3,3
ORD-20250415,2026-04-07,Norteamérica,Canadá,Corporativo,Venta Directa,Tecnología,Smartphones 5G,401.46,8,0.1,3211.68,2890.51,1977.51,913.0,31.59,4,2
ORD-20250101,2026-04-07,Europa,Alemania,Consumidor Final (B2C),Tienda Online,Hogar y Electro,Cafeteras Express,312.18,3,0.1,936.54,842.89,629.31,213.58,25.34,5,3
ORD-20250554,2026-04-07,Norteamérica,México,Consumidor Final (B2C),Venta Directa,Mobiliario y Oficina,Organizadores,189.69,1,0.1,189.69,170.72,96.99,73.73,43.19,5,3
ORD-20250927,2026-04-07,Asia-Pacífico,Japón,Empresas (B2B),Tienda Online,Moda y Calzado,Accesorios y Bolsos,66.07,9,0.15,594.63,505.44,268.71,236.73,46.84,5,3
ORD-20251385,2026-04-07,Norteamérica,Estados Unidos,Empresas (B2B),Tienda Online,Hogar y Electro,Aspiradoras Robot,342.09,2,0.15,684.18,581.55,432.91,148.64,25.56,4,5
ORD-20250353,2026-04-08,Europa,Reino Unido,Consumidor Final (B2C),Tienda Online,Moda y Calzado,Accesorios y Bolsos,98.29,2,0.0,196.58,196.58,69.08,127.5,64.86,5,1
ORD-20250725,2026-04-08,Latinoamérica,Brasil,Consumidor Final (B2C),Tienda Online,Hogar y Electro,Purificadores de Aire,346.66,1,0.1,346.66,311.99,230.05,81.94,26.26,4,5
ORD-20250440,2026-04-08,Norteamérica,Canadá,Consumidor Final (B2C),Tienda Online,Hogar y Electro,Aspiradoras Robot,445.46,1,0.05,445.46,423.19,261.7,161.49,38.16,4,3
ORD-20250592,2026-04-08,Europa,Reino Unido,Consumidor Final (B2C),Venta Directa,Moda y Calzado,Accesorios y Bolsos,83.79,3,0.05,251.37,238.8,94.85,143.95,60.28,4,5
ORD-20251184,2026-04-09,Europa,Reino Unido,Corporativo,Tienda Online,Mobiliario y Oficina,Organizadores,102.64,19,0.15,1950.16,1657.64,1186.53,471.11,28.42,4,2
ORD-20251137,2026-04-09,Norteamérica,Canadá,Consumidor Final (B2C),Venta Directa,Tecnología,Smartphones 5G,1150.43,2,0.05,2300.86,2185.82,1440.38,745.44,34.1,4,1
ORD-20251462,2026-04-09,Norteamérica,Estados Unidos,Consumidor Final (B2C),Tienda Online,Tecnología,Accesorios,1002.16,2,0.0,2004.32,2004.32,1305.2,699.12,34.88,5,5
ORD-20250658,2026-04-09,Norteamérica,Estados Unidos,Empresas (B2B),Venta Directa,Tecnología,Monitores 4K,687.71,5,0.1,3438.55,3094.7,2245.2,849.5,27.45,5,2
ORD-20251110,2026-04-09,Norteamérica,Canadá,Consumidor Final (B2C),Venta Directa,Moda y Calzado,Calzado Deportivo,130.87,2,0.0,261.74,261.74,134.42,127.32,48.64,4,3
ORD-20250664,2026-04-09,Latinoamérica,Perú,Empresas (B2B),Tienda Online,Mobiliario y Oficina,Escritorios Regulables,234.16,5,0.05,1170.8,1112.26,781.38,330.88,29.75,4,3
ORD-20250854,2026-04-09,Norteamérica,Canadá,Consumidor Final (B2C),Tienda Online,Mobiliario y Oficina,Escritorios Regulables,85.39,1,0.1,85.39,76.85,55.44,21.41,27.86,5,5
ORD-20250079,2026-04-09,Latinoamérica,Brasil,Consumidor Final (B2C),Tienda Online,Hogar y Electro,Aspiradoras Robot,389.31,1,0.0,389.31,389.31,251.02,138.29,35.52,4,4
ORD-20250751,2026-04-10,Latinoamérica,Argentina,Consumidor Final (B2C),Venta Directa,Mobiliario y Oficina,Escritorios Regulables,156.19,1,0.05,156.19,148.38,95.18,53.2,35.85,4,4
ORD-20250560,2026-04-10,Norteamérica,México,Corporativo,Venta Directa,Moda y Calzado,Abrigos Técnicos,127.92,20,0.25,2558.4,1918.8,900.73,1018.07,53.06,5,4
ORD-20251379,2026-04-10,Europa,España,Consumidor Final (B2C),Marketplace,Mobiliario y Oficina,Escritorios Regulables,385.42,1,0.0,385.42,385.42,232.51,152.91,39.67,4,2
ORD-20250796,2026-04-10,Latinoamérica,Brasil,Consumidor Final (B2C),Distribuidores,Mobiliario y Oficina,Organizadores,152.74,2,0.0,305.48,305.48,159.33,146.15,47.84,5,4
ORD-20251303,2026-04-10,Norteamérica,Estados Unidos,Consumidor Final (B2C),Distribuidores,Tecnología,Auriculares Inalámbricos,1041.75,1,0.05,1041.75,989.66,760.48,229.18,23.16,4,3
ORD-20250261,2026-04-10,Europa,España,Consumidor Final (B2C),Tienda Online,Mobiliario y Oficina,Lámparas LED,169.08,2,0.0,338.16,338.16,216.62,121.54,35.94,4,2
ORD-20250341,2026-04-11,Latinoamérica,Colombia,Empresas (B2B),Tienda Online,Tecnología,Accesorios,636.66,3,0.15,1909.98,1623.48,1392.6,230.88,14.22,4,2
ORD-20250315,2026-04-11,Europa,Alemania,Corporativo,Tienda Online,Tecnología,Accesorios,176.84,18,0.1,3183.12,2864.81,2194.14,670.67,23.41,4,5
ORD-20250754,2026-04-11,Norteamérica,México,Consumidor Final (B2C),Venta Directa,Mobiliario y Oficina,Escritorios Regulables,201.49,3,0.0,604.47,604.47,373.78,230.69,38.16,5,5
ORD-20251249,2026-04-11,Latinoamérica,Chile,Consumidor Final (B2C),Venta Directa,Hogar y Electro,Domótica,117.51,1,0.05,117.51,111.63,82.22,29.41,26.35,5,3
ORD-20250466,2026-04-11,Norteamérica,Canadá,Empresas (B2B),Distribuidores,Tecnología,Auriculares Inalámbricos,466.12,6,0.15,2796.72,2377.21,1837.03,540.18,22.72,4,1
ORD-20250860,2026-04-11,Europa,Francia,Corporativo,Tienda Online,Mobiliario y Oficina,Organizadores,118.86,14,0.1,1664.04,1497.64,1003.24,494.4,33.01,5,3
ORD-20251477,2026-04-11,Europa,Alemania,Consumidor Final (B2C),Marketplace,Mobiliario y Oficina,Organizadores,147.17,3,0.05,441.51,419.43,267.76,151.67,36.16,5,5
ORD-20250122,2026-04-11,Norteamérica,Canadá,Consumidor Final (B2C),Tienda Online,Moda y Calzado,Abrigos Técnicos,213.73,3,0.0,641.19,641.19,349.58,291.61,45.48,5,3
ORD-20250549,2026-04-12,Asia-Pacífico,Australia,Consumidor Final (B2C),Tienda Online,Mobiliario y Oficina,Sillas Ergonómicas,95.43,2,0.0,190.86,190.86,99.56,91.3,47.84,4,5
ORD-20250628,2026-04-12,Norteamérica,México,Empresas (B2B),Tienda Online,Mobiliario y Oficina,Lámparas LED,329.2,2,0.15,658.4,559.64,348.48,211.16,37.73,5,1
ORD-20251171,2026-04-12,Europa,Francia,Consumidor Final (B2C),Tienda Online,Tecnología,Smartphones 5G,214.86,1,0.0,214.86,214.86,146.49,68.37,31.82,5,2
ORD-20250960,2026-04-12,Asia-Pacífico,Japón,Empresas (B2B),Venta Directa,Hogar y Electro,Purificadores de Aire,446.37,5,0.15,2231.85,1897.07,1510.5,386.57,20.38,5,2
ORD-20251096,2026-04-12,Norteamérica,Estados Unidos,Empresas (B2B),Marketplace,Tecnología,Accesorios,393.92,8,0.1,3151.36,2836.22,1948.54,887.68,31.3,5,5
ORD-20250165,2026-04-12,Europa,España,Empresas (B2B),Tienda Online,Hogar y Electro,Purificadores de Aire,294.22,8,0.1,2353.76,2118.38,1467.18,651.2,30.74,4,1
ORD-20250100,2026-04-12,Europa,Reino Unido,Consumidor Final (B2C),Tienda Online,Mobiliario y Oficina,Sillas Ergonómicas,287.41,2,0.05,574.82,546.08,351.51,194.57,35.63,5,3
ORD-20251134,2026-04-12,Europa,España,Consumidor Final (B2C),Tienda Online,Tecnología,Smartphones 5G,1235.76,3,0.0,3707.28,3707.28,2629.9,1077.38,29.06,3,2
ORD-20250020,2026-04-12,Norteamérica,México,Empresas (B2B),Tienda Online,Tecnología,Smartphones 5G,284.65,7,0.05,1992.55,1892.92,1446.27,446.65,23.6,5,1
ORD-20251104,2026-04-12,Europa,Alemania,Consumidor Final (B2C),Tienda Online,Tecnología,Accesorios,208.11,1,0.1,208.11,187.3,145.88,41.42,22.11,4,2
ORD-20250001,2026-04-13,Norteamérica,México,Corporativo,Venta Directa,Tecnología,Monitores 4K,1014.66,6,0.25,6087.96,4565.97,4412.96,153.01,3.35,4,4
ORD-20250200,2026-04-13,Europa,España,Consumidor Final (B2C),Tienda Online,Mobiliario y Oficina,Escritorios Regulables,166.62,2,0.0,333.24,333.24,224.29,108.95,32.69,5,3
ORD-20250033,2026-04-13,Norteamérica,México,Consumidor Final (B2C),Venta Directa,Mobiliario y Oficina,Sillas Ergonómicas,279.57,3,0.0,838.71,838.71,557.53,281.18,33.53,5,4
ORD-20251405,2026-04-14,Latinoamérica,Colombia,Consumidor Final (B2C),Venta Directa,Tecnología,Laptops & Ultrabooks,482.09,1,0.0,482.09,482.09,313.92,168.17,34.88,5,1
ORD-20251186,2026-04-14,Europa,España,Consumidor Final (B2C),Venta Directa,Moda y Calzado,Calzado Deportivo,153.33,3,0.05,459.99,436.99,226.22,210.77,48.23,5,4
ORD-20250029,2026-04-14,Norteamérica,Estados Unidos,Empresas (B2B),Distribuidores,Tecnología,Monitores 4K,200.39,3,0.1,601.17,541.05,365.89,175.16,32.37,5,5
ORD-20251424,2026-04-14,Europa,Francia,Consumidor Final (B2C),Tienda Online,Tecnología,Monitores 4K,459.53,1,0.1,459.53,413.58,286.1,127.48,30.82,4,4
ORD-20250213,2026-04-15,Norteamérica,Estados Unidos,Empresas (B2B),Marketplace,Tecnología,Accesorios,1065.75,4,0.05,4263.0,4049.85,3086.3,963.55,23.79,4,4
ORD-20251363,2026-04-15,Norteamérica,Canadá,Consumidor Final (B2C),Tienda Online,Tecnología,Laptops & Ultrabooks,814.96,3,0.05,2444.88,2322.64,1580.01,742.63,31.97,5,2
ORD-20250984,2026-04-15,Europa,Reino Unido,Consumidor Final (B2C),Venta Directa,Moda y Calzado,Ropa Casual,203.27,1,0.0,203.27,203.27,93.25,110.02,54.13,5,2
ORD-20250562,2026-04-15,Norteamérica,Canadá,Corporativo,Tienda Online,Tecnología,Laptops & Ultrabooks,865.46,23,0.15,19905.58,16919.74,13752.81,3166.93,18.72,3,3
ORD-20251039,2026-04-15,Norteamérica,Estados Unidos,Consumidor Final (B2C),Venta Directa,Tecnología,Monitores 4K,125.83,1,0.05,125.83,119.54,85.46,34.08,28.51,4,4
ORD-20250504,2026-04-15,Norteamérica,Canadá,Empresas (B2B),Tienda Online,Moda y Calzado,Accesorios y Bolsos,195.6,4,0.1,782.4,704.16,339.23,364.93,51.82,5,5
ORD-20250221,2026-04-15,Latinoamérica,Argentina,Consumidor Final (B2C),Tienda Online,Tecnología,Laptops & Ultrabooks,135.42,2,0.1,270.84,243.76,184.51,59.25,24.31,5,4
ORD-20250510,2026-04-16,Latinoamérica,Colombia,Consumidor Final (B2C),Venta Directa,Mobiliario y Oficina,Sillas Ergonómicas,404.77,1,0.05,404.77,384.53,268.04,116.49,30.29,5,4
ORD-20251020,2026-04-16,Europa,Francia,Consumidor Final (B2C),Venta Directa,Tecnología,Accesorios,576.05,1,0.05,576.05,547.25,383.53,163.72,29.92,3,5
ORD-20251253,2026-04-16,Asia-Pacífico,Australia,Empresas (B2B),Distribuidores,Tecnología,Accesorios,843.37,3,0.05,2530.11,2403.6,1592.32,811.28,33.75,4,5
ORD-20251041,2026-04-16,Norteamérica,México,Empresas (B2B),Venta Directa,Moda y Calzado,Ropa Casual,150.51,9,0.15,1354.59,1151.4,480.16,671.24,58.3,5,5
ORD-20250506,2026-04-16,Asia-Pacífico,Corea del Sur,Empresas (B2B),Tienda Online,Tecnología,Accesorios,1047.76,3,0.15,3143.28,2671.79,2334.54,337.25,12.62,5,1
ORD-20251103,2026-04-16,Europa,Reino Unido,Consumidor Final (B2C),Venta Directa,Tecnología,Monitores 4K,571.6,3,0.05,1714.8,1629.06,1038.99,590.07,36.22,4,2
ORD-20251061,2026-04-16,Europa,España,Consumidor Final (B2C),Venta Directa,Hogar y Electro,Purificadores de Aire,447.06,2,0.0,894.12,894.12,511.86,382.26,42.75,4,1
ORD-20250490,2026-04-17,Norteamérica,México,Consumidor Final (B2C),Tienda Online,Mobiliario y Oficina,Sillas Ergonómicas,342.64,3,0.05,1027.92,976.52,620.56,355.96,36.45,5,3
ORD-20250392,2026-04-17,Latinoamérica,Argentina,Corporativo,Tienda Online,Tecnología,Auriculares Inalámbricos,1376.58,11,0.15,15142.38,12871.02,9489.47,3381.55,26.27,4,2
ORD-20250812,2026-04-17,Norteamérica,Canadá,Empresas (B2B),Tienda Online,Hogar y Electro,Domótica,233.81,3,0.15,701.43,596.22,409.61,186.61,31.3,5,3
ORD-20250146,2026-04-17,Norteamérica,México,Consumidor Final (B2C),Distribuidores,Moda y Calzado,Ropa Casual,69.3,3,0.1,207.9,187.11,75.97,111.14,59.4,4,2
ORD-20250580,2026-04-17,Europa,Francia,Consumidor Final (B2C),Tienda Online,Tecnología,Laptops & Ultrabooks,1028.56,1,0.1,1028.56,925.7,735.62,190.08,20.53,5,4
ORD-20250114,2026-04-17,Europa,Reino Unido,Corporativo,Venta Directa,Tecnología,Smartphones 5G,1354.89,17,0.2,23033.13,18426.5,15568.58,2857.92,15.51,4,4
ORD-20250670,2026-04-17,Asia-Pacífico,Japón,Corporativo,Distribuidores,Mobiliario y Oficina,Sillas Ergonómicas,428.15,9,0.1,3853.35,3468.01,2077.28,1390.73,40.1,4,4
ORD-20250135,2026-04-17,Latinoamérica,Brasil,Consumidor Final (B2C),Distribuidores,Tecnología,Smartphones 5G,141.38,2,0.05,282.76,268.62,193.49,75.13,27.97,4,2
ORD-20250498,2026-04-17,Latinoamérica,Perú,Empresas (B2B),Tienda Online,Hogar y Electro,Domótica,508.47,8,0.05,4067.76,3864.37,2781.91,1082.46,28.01,5,3
ORD-20251312,2026-04-17,Norteamérica,Estados Unidos,Consumidor Final (B2C),Tienda Online,Mobiliario y Oficina,Organizadores,345.78,1,0.0,345.78,345.78,210.6,135.18,39.09,4,2
ORD-20250964,2026-04-17,Norteamérica,Canadá,Consumidor Final (B2C),Distribuidores,Tecnología,Auriculares Inalámbricos,779.02,1,0.1,779.02,701.12,472.14,228.98,32.66,5,4
ORD-20250758,2026-04-18,Asia-Pacífico,Japón,Corporativo,Tienda Online,Tecnología,Auriculares Inalámbricos,1330.42,22,0.15,29269.24,24878.85,19494.86,5383.99,21.64,5,5
ORD-20251429,2026-04-18,Asia-Pacífico,Australia,Empresas (B2B),Tienda Online,Tecnología,Auriculares Inalámbricos,826.19,6,0.05,4957.14,4709.28,3263.08,1446.2,30.71,5,2
ORD-20250617,2026-04-18,Asia-Pacífico,Japón,Consumidor Final (B2C),Marketplace,Moda y Calzado,Ropa Casual,183.77,3,0.1,551.31,496.18,295.93,200.25,40.36,5,3
ORD-20250003,2026-04-18,Europa,Alemania,Consumidor Final (B2C),Tienda Online,Hogar y Electro,Domótica,426.33,3,0.1,1278.99,1151.09,820.47,330.62,28.72,5,3
ORD-20250320,2026-04-19,Asia-Pacífico,Corea del Sur,Empresas (B2B),Tienda Online,Tecnología,Auriculares Inalámbricos,1172.33,7,0.05,8206.31,7795.99,6094.9,1701.09,21.82,4,3
ORD-20251233,2026-04-19,Europa,Alemania,Consumidor Final (B2C),Distribuidores,Tecnología,Monitores 4K,524.75,2,0.1,1049.5,944.55,629.9,314.65,33.31,5,2
ORD-20250637,2026-04-19,Europa,Alemania,Consumidor Final (B2C),Marketplace,Moda y Calzado,Calzado Deportivo,66.87,1,0.1,66.87,60.18,33.25,26.93,44.75,5,4
ORD-20250885,2026-04-19,Asia-Pacífico,Australia,Consumidor Final (B2C),Distribuidores,Moda y Calzado,Ropa Casual,148.15,2,0.05,296.3,281.49,132.53,148.96,52.92,4,1
ORD-20251427,2026-04-19,Asia-Pacífico,Corea del Sur,Empresas (B2B),Distribuidores,Moda y Calzado,Ropa Casual,88.03,7,0.05,616.21,585.4,307.88,277.52,47.41,5,5
ORD-20250567,2026-04-19,Norteamérica,Estados Unidos,Corporativo,Marketplace,Mobiliario y Oficina,Sillas Ergonómicas,150.86,18,0.2,2715.48,2172.38,1823.71,348.67,16.05,4,3
ORD-20250539,2026-04-19,Europa,Alemania,Empresas (B2B),Tienda Online,Hogar y Electro,Purificadores de Aire,309.38,5,0.15,1546.9,1314.87,952.67,362.2,27.55,4,1
ORD-20250391,2026-04-19,Norteamérica,Estados Unidos,Consumidor Final (B2C),Distribuidores,Tecnología,Smartphones 5G,956.93,3,0.1,2870.79,2583.71,1730.7,853.01,33.01,5,3
ORD-20250219,2026-04-19,Europa,España,Empresas (B2B),Distribuidores,Mobiliario y Oficina,Sillas Ergonómicas,430.09,2,0.05,860.18,817.17,524.74,292.43,35.79,5,3
ORD-20251388,2026-04-20,Latinoamérica,Chile,Empresas (B2B),Distribuidores,Hogar y Electro,Purificadores de Aire,61.14,6,0.05,366.84,348.5,251.65,96.85,27.79,4,2
ORD-20250291,2026-04-20,Latinoamérica,Chile,Consumidor Final (B2C),Tienda Online,Hogar y Electro,Domótica,501.27,3,0.05,1503.81,1428.62,886.75,541.87,37.93,5,2
ORD-20251139,2026-04-20,Asia-Pacífico,Singapur,Consumidor Final (B2C),Marketplace,Moda y Calzado,Calzado Deportivo,87.29,3,0.1,261.87,235.68,106.61,129.07,54.76,4,2
ORD-20250998,2026-04-20,Norteamérica,Canadá,Consumidor Final (B2C),Venta Directa,Mobiliario y Oficina,Escritorios Regulables,343.22,1,0.1,343.22,308.9,195.84,113.06,36.6,4,5
ORD-20251355,2026-04-20,Europa,España,Consumidor Final (B2C),Marketplace,Tecnología,Auriculares Inalámbricos,837.16,3,0.05,2511.48,2385.91,1823.11,562.8,23.59,5,1
ORD-20250387,2026-04-20,Norteamérica,Canadá,Consumidor Final (B2C),Distribuidores,Mobiliario y Oficina,Escritorios Regulables,71.49,3,0.05,214.47,203.75,133.44,70.31,34.51,4,4
ORD-20250714,2026-04-21,Norteamérica,Canadá,Empresas (B2B),Venta Directa,Tecnología,Smartphones 5G,685.63,4,0.05,2742.52,2605.39,1806.96,798.43,30.65,4,2
ORD-20251138,2026-04-21,Norteamérica,México,Consumidor Final (B2C),Venta Directa,Tecnología,Smartphones 5G,538.74,3,0.1,1616.22,1454.6,978.22,476.38,32.75,5,2
ORD-20251132,2026-04-21,Europa,España,Consumidor Final (B2C),Venta Directa,Tecnología,Accesorios,1238.12,1,0.0,1238.12,1238.12,895.29,342.83,27.69,5,4
ORD-20251411,2026-04-21,Europa,Alemania,Corporativo,Venta Directa,Tecnología,Smartphones 5G,820.16,13,0.25,10662.08,7996.56,6782.22,1214.34,15.19,5,1
ORD-20250388,2026-04-21,Norteamérica,México,Consumidor Final (B2C),Tienda Online,Mobiliario y Oficina,Escritorios Regulables,77.94,2,0.05,155.88,148.09,89.69,58.4,39.44,5,3
ORD-20250737,2026-04-21,Latinoamérica,Perú,Corporativo,Tienda Online,Mobiliario y Oficina,Escritorios Regulables,162.95,12,0.25,1955.4,1466.55,991.0,475.55,32.43,3,1
ORD-20250878,2026-04-21,Europa,Reino Unido,Empresas (B2B),Marketplace,Mobiliario y Oficina,Sillas Ergonómicas,53.15,7,0.05,372.05,353.45,209.1,144.35,40.84,3,1
ORD-20250166,2026-04-21,Europa,Francia,Corporativo,Distribuidores,Mobiliario y Oficina,Lámparas LED,411.85,6,0.2,2471.1,1976.88,1392.77,584.11,29.55,5,5
ORD-20250298,2026-04-22,Latinoamérica,Colombia,Empresas (B2B),Distribuidores,Hogar y Electro,Aspiradoras Robot,386.75,9,0.1,3480.75,3132.68,2016.11,1116.57,35.64,5,4
ORD-20251158,2026-04-22,Norteamérica,Estados Unidos,Empresas (B2B),Tienda Online,Moda y Calzado,Ropa Casual,32.17,3,0.05,96.51,91.68,36.25,55.43,60.46,4,5
ORD-20251480,2026-04-22,Europa,Reino Unido,Empresas (B2B),Marketplace,Tecnología,Smartphones 5G,751.68,6,0.1,4510.08,4059.07,2791.5,1267.57,31.23,4,1
ORD-20250763,2026-04-22,Europa,Reino Unido,Consumidor Final (B2C),Distribuidores,Tecnología,Smartphones 5G,1316.96,2,0.0,2633.92,2633.92,1800.77,833.15,31.63,4,1
ORD-20250647,2026-04-23,Norteamérica,Canadá,Consumidor Final (B2C),Venta Directa,Tecnología,Laptops & Ultrabooks,1296.76,3,0.05,3890.28,3695.77,2860.59,835.18,22.6,5,3
ORD-20250284,2026-04-23,Norteamérica,Estados Unidos,Corporativo,Distribuidores,Mobiliario y Oficina,Sillas Ergonómicas,164.24,24,0.15,3941.76,3350.5,2416.54,933.96,27.88,5,2
ORD-20250956,2026-04-23,Latinoamérica,Colombia,Consumidor Final (B2C),Marketplace,Tecnología,Monitores 4K,116.55,1,0.0,116.55,116.55,79.9,36.65,31.45,5,3
ORD-20251054,2026-04-24,Norteamérica,Canadá,Empresas (B2B),Marketplace,Moda y Calzado,Calzado Deportivo,92.99,7,0.1,650.93,585.84,298.13,287.71,49.11,5,5
ORD-20250088,2026-04-24,Latinoamérica,Argentina,Consumidor Final (B2C),Venta Directa,Moda y Calzado,Ropa Casual,132.84,2,0.05,265.68,252.4,134.64,117.76,46.66,5,1
ORD-20250464,2026-04-24,Europa,Alemania,Consumidor Final (B2C),Venta Directa,Mobiliario y Oficina,Escritorios Regulables,260.45,3,0.0,781.35,781.35,498.03,283.32,36.26,4,5
ORD-20250202,2026-04-24,Asia-Pacífico,Japón,Empresas (B2B),Tienda Online,Tecnología,Laptops & Ultrabooks,170.23,4,0.05,680.92,646.87,437.74,209.13,32.33,4,3
ORD-20250915,2026-04-24,Latinoamérica,Colombia,Consumidor Final (B2C),Tienda Online,Hogar y Electro,Domótica,584.74,2,0.05,1169.48,1111.01,708.69,402.32,36.21,5,1
ORD-20250888,2026-04-24,Europa,Alemania,Consumidor Final (B2C),Tienda Online,Mobiliario y Oficina,Organizadores,78.88,2,0.05,157.76,149.87,79.92,69.95,46.67,4,3
ORD-20250357,2026-04-25,Norteamérica,Estados Unidos,Corporativo,Venta Directa,Mobiliario y Oficina,Escritorios Regulables,332.28,10,0.2,3322.8,2658.24,1816.14,842.1,31.68,4,1
ORD-20250831,2026-04-25,Europa,España,Consumidor Final (B2C),Venta Directa,Mobiliario y Oficina,Sillas Ergonómicas,117.81,3,0.1,353.43,318.09,213.39,104.7,32.92,5,5
ORD-20251228,2026-04-25,Europa,España,Consumidor Final (B2C),Tienda Online,Tecnología,Laptops & Ultrabooks,1132.47,2,0.1,2264.94,2038.45,1507.16,531.29,26.06,4,3
ORD-20250052,2026-04-26,Asia-Pacífico,Japón,Consumidor Final (B2C),Venta Directa,Moda y Calzado,Calzado Deportivo,98.87,1,0.1,98.87,88.98,50.37,38.61,43.39,4,4
ORD-20250666,2026-04-26,Norteamérica,México,Corporativo,Tienda Online,Mobiliario y Oficina,Lámparas LED,362.64,17,0.25,6164.88,4623.66,4052.86,570.8,12.35,5,1
ORD-20251229,2026-04-26,Europa,Francia,Empresas (B2B),Tienda Online,Tecnología,Accesorios,218.85,9,0.05,1969.65,1871.17,1231.7,639.47,34.17,5,1
ORD-20250411,2026-04-26,Europa,Alemania,Consumidor Final (B2C),Distribuidores,Hogar y Electro,Purificadores de Aire,480.74,3,0.05,1442.22,1370.11,904.04,466.07,34.02,5,3
ORD-20250133,2026-04-26,Asia-Pacífico,Australia,Corporativo,Distribuidores,Hogar y Electro,Aspiradoras Robot,152.36,21,0.1,3199.56,2879.6,1979.66,899.94,31.25,5,2
ORD-20250285,2026-04-26,Norteamérica,Canadá,Consumidor Final (B2C),Venta Directa,Tecnología,Accesorios,1397.03,2,0.05,2794.06,2654.36,2070.84,583.52,21.98,5,1
ORD-20250487,2026-04-26,Europa,Alemania,Consumidor Final (B2C),Distribuidores,Hogar y Electro,Cafeteras Express,340.12,1,0.05,340.12,323.11,230.77,92.34,28.58,5,1
ORD-20251226,2026-04-26,Asia-Pacífico,Japón,Consumidor Final (B2C),Tienda Online,Tecnología,Smartphones 5G,1088.86,1,0.05,1088.86,1034.42,816.47,217.95,21.07,5,2
ORD-20251439,2026-04-27,Europa,Reino Unido,Empresas (B2B),Venta Directa,Moda y Calzado,Accesorios y Bolsos,180.68,5,0.1,903.4,813.06,404.78,408.28,50.22,5,5
ORD-20251291,2026-04-27,Norteamérica,México,Corporativo,Tienda Online,Hogar y Electro,Aspiradoras Robot,323.75,15,0.2,4856.25,3885.0,2910.79,974.21,25.08,5,5
ORD-20251261,2026-04-27,Norteamérica,México,Corporativo,Tienda Online,Moda y Calzado,Calzado Deportivo,52.1,19,0.25,989.9,742.42,422.66,319.76,43.07,5,5
ORD-20250242,2026-04-28,Norteamérica,México,Consumidor Final (B2C),Tienda Online,Tecnología,Auriculares Inalámbricos,1169.94,2,0.0,2339.88,2339.88,1606.31,733.57,31.35,5,1
ORD-20251382,2026-04-28,Norteamérica,México,Corporativo,Tienda Online,Tecnología,Smartphones 5G,242.26,10,0.25,2422.6,1816.95,1520.71,296.24,16.3,5,1
ORD-20250351,2026-04-28,Asia-Pacífico,Corea del Sur,Corporativo,Tienda Online,Mobiliario y Oficina,Sillas Ergonómicas,234.94,7,0.15,1644.58,1397.89,1026.29,371.6,26.58,5,2
ORD-20250730,2026-04-29,Norteamérica,Estados Unidos,Consumidor Final (B2C),Tienda Online,Hogar y Electro,Cafeteras Express,562.69,3,0.05,1688.07,1603.67,948.89,654.78,40.83,4,4
ORD-20251442,2026-04-29,Latinoamérica,Chile,Consumidor Final (B2C),Marketplace,Tecnología,Accesorios,884.7,3,0.1,2654.1,2388.69,1902.6,486.09,20.35,5,1
ORD-20250611,2026-04-29,Asia-Pacífico,Corea del Sur,Corporativo,Tienda Online,Hogar y Electro,Domótica,367.02,7,0.2,2569.14,2055.31,1689.02,366.29,17.82,4,2
ORD-20250144,2026-04-29,Asia-Pacífico,Australia,Empresas (B2B),Tienda Online,Hogar y Electro,Domótica,309.14,8,0.05,2473.12,2349.46,1492.95,856.51,36.46,5,3
ORD-20250600,2026-04-30,Europa,Francia,Consumidor Final (B2C),Venta Directa,Tecnología,Smartphones 5G,563.72,3,0.0,1691.16,1691.16,1233.76,457.4,27.05,5,5
ORD-20251152,2026-04-30,Asia-Pacífico,Corea del Sur,Empresas (B2B),Distribuidores,Mobiliario y Oficina,Sillas Ergonómicas,98.98,5,0.15,494.9,420.66,254.61,166.05,39.47,5,3
ORD-20251289,2026-04-30,Norteamérica,Estados Unidos,Consumidor Final (B2C),Distribuidores,Tecnología,Auriculares Inalámbricos,945.21,3,0.1,2835.63,2552.07,2115.29,436.78,17.11,4,3
ORD-20250424,2026-04-30,Norteamérica,Estados Unidos,Empresas (B2B),Venta Directa,Hogar y Electro,Domótica,493.17,5,0.15,2465.85,2095.97,1457.44,638.53,30.46,5,1
ORD-20250176,2026-04-30,Asia-Pacífico,Corea del Sur,Empresas (B2B),Distribuidores,Tecnología,Monitores 4K,652.64,2,0.1,1305.28,1174.75,857.04,317.71,27.04,5,5
ORD-20250105,2026-04-30,Asia-Pacífico,Singapur,Empresas (B2B),Tienda Online,Tecnología,Monitores 4K,903.49,2,0.15,1806.98,1535.93,1243.19,292.74,19.06,4,3
ORD-20250569,2026-04-30,Norteamérica,Canadá,Consumidor Final (B2C),Distribuidores,Tecnología,Accesorios,258.25,1,0.0,258.25,258.25,188.55,69.7,26.99,4,2
ORD-20251076,2026-04-30,Asia-Pacífico,Australia,Corporativo,Tienda Online,Tecnología,Auriculares Inalámbricos,809.52,10,0.1,8095.2,7285.68,5802.4,1483.28,20.36,3,1
ORD-20251131,2026-04-30,Norteamérica,Canadá,Empresas (B2B),Venta Directa,Moda y Calzado,Ropa Casual,26.5,7,0.05,185.5,176.22,91.05,85.17,48.33,5,2
ORD-20251364,2026-04-30,Latinoamérica,Argentina,Consumidor Final (B2C),Tienda Online,Tecnología,Auriculares Inalámbricos,110.11,2,0.05,220.22,209.21,161.3,47.91,22.9,5,4
ORD-20251070,2026-04-30,Latinoamérica,Perú,Consumidor Final (B2C),Marketplace,Tecnología,Laptops & Ultrabooks,1063.5,3,0.05,3190.5,3030.97,2383.3,647.67,21.37,4,5
ORD-20250154,2026-04-30,Asia-Pacífico,Japón,Consumidor Final (B2C),Venta Directa,Tecnología,Smartphones 5G,700.06,1,0.0,700.06,700.06,474.28,225.78,32.25,3,1
ORD-20250017,2026-05-01,Asia-Pacífico,Singapur,Empresas (B2B),Marketplace,Mobiliario y Oficina,Escritorios Regulables,175.61,7,0.05,1229.27,1167.81,741.27,426.54,36.52,5,4
ORD-20251037,2026-05-01,Latinoamérica,Brasil,Empresas (B2B),Tienda Online,Mobiliario y Oficina,Lámparas LED,291.77,2,0.1,583.54,525.19,367.64,157.55,30.0,5,1
ORD-20250643,2026-05-01,Latinoamérica,Argentina,Consumidor Final (B2C),Tienda Online,Tecnología,Smartphones 5G,1124.13,2,0.05,2248.26,2135.85,1392.07,743.78,34.82,5,1
ORD-20250239,2026-05-01,Norteamérica,Canadá,Corporativo,Tienda Online,Mobiliario y Oficina,Escritorios Regulables,443.54,14,0.1,6209.56,5588.6,3904.16,1684.44,30.14,4,2
ORD-20251206,2026-05-02,Asia-Pacífico,Singapur,Empresas (B2B),Venta Directa,Hogar y Electro,Purificadores de Aire,421.46,7,0.05,2950.22,2802.71,1803.23,999.48,35.66,5,4
ORD-20250059,2026-05-02,Norteamérica,México,Corporativo,Tienda Online,Tecnología,Laptops & Ultrabooks,437.38,18,0.15,7872.84,6691.91,5206.39,1485.52,22.2,3,4
ORD-20250081,2026-05-02,Asia-Pacífico,Singapur,Corporativo,Distribuidores,Tecnología,Smartphones 5G,251.71,16,0.2,4027.36,3221.89,2456.06,765.83,23.77,5,3
ORD-20251299,2026-05-02,Norteamérica,Canadá,Corporativo,Marketplace,Tecnología,Accesorios,1317.32,21,0.25,27663.72,20747.79,18797.6,1950.19,9.4,4,4
ORD-20250352,2026-05-03,Norteamérica,Canadá,Empresas (B2B),Tienda Online,Hogar y Electro,Purificadores de Aire,584.51,6,0.05,3507.06,3331.71,2081.9,1249.81,37.51,5,5
ORD-20251313,2026-05-03,Norteamérica,México,Consumidor Final (B2C),Tienda Online,Tecnología,Monitores 4K,1296.7,1,0.1,1296.7,1167.03,919.84,247.19,21.18,5,3
ORD-20251266,2026-05-03,Latinoamérica,Perú,Consumidor Final (B2C),Distribuidores,Hogar y Electro,Purificadores de Aire,321.83,3,0.1,965.49,868.94,620.35,248.59,28.61,4,5
ORD-20250555,2026-05-03,Norteamérica,Estados Unidos,Consumidor Final (B2C),Tienda Online,Mobiliario y Oficina,Lámparas LED,440.17,3,0.1,1320.51,1188.46,852.87,335.59,28.24,5,5
ORD-20251075,2026-05-03,Norteamérica,Estados Unidos,Empresas (B2B),Tienda Online,Moda y Calzado,Calzado Deportivo,219.36,3,0.1,658.08,592.27,233.55,358.72,60.57,4,1
ORD-20251221,2026-05-03,Asia-Pacífico,Japón,Consumidor Final (B2C),Tienda Online,Tecnología,Auriculares Inalámbricos,207.92,1,0.05,207.92,197.52,145.33,52.19,26.42,3,4
ORD-20250420,2026-05-04,Latinoamérica,Colombia,Consumidor Final (B2C),Tienda Online,Mobiliario y Oficina,Sillas Ergonómicas,82.02,1,0.05,82.02,77.92,47.69,30.23,38.8,4,3
ORD-20251360,2026-05-04,Norteamérica,México,Consumidor Final (B2C),Venta Directa,Moda y Calzado,Ropa Casual,174.26,1,0.1,174.26,156.83,61.05,95.78,61.07,4,3
ORD-20250819,2026-05-04,Norteamérica,Estados Unidos,Consumidor Final (B2C),Tienda Online,Tecnología,Smartphones 5G,696.06,1,0.05,696.06,661.26,452.73,208.53,31.54,4,4
ORD-20250311,2026-05-04,Asia-Pacífico,Corea del Sur,Consumidor Final (B2C),Distribuidores,Moda y Calzado,Abrigos Técnicos,50.68,1,0.0,50.68,50.68,25.26,25.42,50.16,5,4
ORD-20250064,2026-05-04,Norteamérica,Canadá,Consumidor Final (B2C),Tienda Online,Mobiliario y Oficina,Organizadores,149.26,3,0.05,447.78,425.39,272.29,153.1,35.99,5,2
ORD-20250008,2026-05-04,Norteamérica,México,Consumidor Final (B2C),Tienda Online,Mobiliario y Oficina,Sillas Ergonómicas,421.18,1,0.05,421.18,400.12,258.61,141.51,35.37,5,4
ORD-20250172,2026-05-04,Norteamérica,Canadá,Consumidor Final (B2C),Tienda Online,Tecnología,Auriculares Inalámbricos,386.75,3,0.1,1160.25,1044.23,835.99,208.24,19.94,5,3
ORD-20250735,2026-05-04,Norteamérica,Estados Unidos,Corporativo,Distribuidores,Tecnología,Laptops & Ultrabooks,612.71,14,0.15,8577.94,7291.25,5863.54,1427.71,19.58,5,2
ORD-20251119,2026-05-05,Europa,Francia,Consumidor Final (B2C),Distribuidores,Tecnología,Auriculares Inalámbricos,513.43,2,0.05,1026.86,975.52,763.31,212.21,21.75,5,4
ORD-20250669,2026-05-05,Asia-Pacífico,Singapur,Consumidor Final (B2C),Venta Directa,Mobiliario y Oficina,Escritorios Regulables,312.7,2,0.1,625.4,562.86,420.0,142.86,25.38,5,3
ORD-20250552,2026-05-05,Europa,España,Empresas (B2B),Tienda Online,Tecnología,Accesorios,803.39,4,0.1,3213.56,2892.2,2310.25,581.95,20.12,5,2
ORD-20250593,2026-05-05,Europa,Reino Unido,Empresas (B2B),Tienda Online,Moda y Calzado,Ropa Casual,82.03,9,0.1,738.27,664.44,374.06,290.38,43.7,4,5
ORD-20251046,2026-05-05,Europa,Reino Unido,Empresas (B2B),Marketplace,Hogar y Electro,Cafeteras Express,289.41,3,0.1,868.23,781.41,582.43,198.98,25.46,5,5
ORD-20251080,2026-05-05,Asia-Pacífico,Australia,Corporativo,Tienda Online,Tecnología,Smartphones 5G,538.48,7,0.15,3769.36,3203.96,2268.47,935.49,29.2,4,2
ORD-20250884,2026-05-05,Norteamérica,México,Consumidor Final (B2C),Tienda Online,Mobiliario y Oficina,Escritorios Regulables,116.22,3,0.0,348.66,348.66,206.28,142.38,40.84,5,1
ORD-20250342,2026-05-05,Asia-Pacífico,Australia,Corporativo,Distribuidores,Tecnología,Auriculares Inalámbricos,873.05,12,0.1,10476.6,9428.94,6734.16,2694.78,28.58,5,5
ORD-20250671,2026-05-06,Europa,Francia,Empresas (B2B),Distribuidores,Tecnología,Laptops & Ultrabooks,1042.32,9,0.1,9380.88,8442.79,6096.62,2346.17,27.79,5,3
ORD-20250928,2026-05-06,Europa,Alemania,Consumidor Final (B2C),Venta Directa,Moda y Calzado,Calzado Deportivo,114.71,2,0.1,229.42,206.48,104.06,102.42,49.6,5,3
ORD-20251346,2026-05-06,Europa,Francia,Corporativo,Venta Directa,Mobiliario y Oficina,Organizadores,207.9,24,0.25,4989.6,3742.2,2993.91,748.29,20.0,5,5
ORD-20250018,2026-05-06,Europa,Alemania,Empresas (B2B),Venta Directa,Tecnología,Laptops & Ultrabooks,208.27,9,0.15,1874.43,1593.27,1403.03,190.24,11.94,4,3
ORD-20251232,2026-05-06,Norteamérica,Estados Unidos,Corporativo,Distribuidores,Mobiliario y Oficina,Organizadores,412.92,9,0.15,3716.28,3158.84,1972.38,1186.46,37.56,4,1
ORD-20251307,2026-05-06,Latinoamérica,Argentina,Consumidor Final (B2C),Tienda Online,Hogar y Electro,Domótica,284.96,2,0.05,569.92,541.42,322.41,219.01,40.45,4,2
ORD-20251079,2026-05-07,Latinoamérica,Argentina,Consumidor Final (B2C),Venta Directa,Tecnología,Auriculares Inalámbricos,777.14,1,0.05,777.14,738.28,549.97,188.31,25.51,4,2
ORD-20251402,2026-05-07,Europa,Francia,Consumidor Final (B2C),Distribuidores,Mobiliario y Oficina,Organizadores,52.76,1,0.05,52.76,50.12,32.76,17.36,34.64,4,4
ORD-20251048,2026-05-07,Europa,Alemania,Consumidor Final (B2C),Tienda Online,Hogar y Electro,Purificadores de Aire,64.32,1,0.0,64.32,64.32,42.85,21.47,33.38,4,2
ORD-20250480,2026-05-07,Norteamérica,Canadá,Consumidor Final (B2C),Marketplace,Moda y Calzado,Ropa Casual,51.28,3,0.0,153.84,153.84,68.78,85.06,55.29,5,3
ORD-20250036,2026-05-07,Norteamérica,México,Corporativo,Distribuidores,Mobiliario y Oficina,Sillas Ergonómicas,449.88,10,0.2,4498.8,3599.04,2699.18,899.86,25.0,5,5
ORD-20250728,2026-05-07,Asia-Pacífico,Australia,Empresas (B2B),Venta Directa,Moda y Calzado,Ropa Casual,192.18,4,0.05,768.72,730.28,312.19,418.09,57.25,5,1
ORD-20250616,2026-05-08,Norteamérica,México,Empresas (B2B),Venta Directa,Mobiliario y Oficina,Organizadores,263.88,8,0.15,2111.04,1794.38,1410.68,383.7,21.38,3,3
ORD-20250306,2026-05-08,Asia-Pacífico,Australia,Empresas (B2B),Tienda Online,Hogar y Electro,Cafeteras Express,123.11,4,0.15,492.44,418.57,287.91,130.66,31.22,5,5
ORD-20250337,2026-05-08,Europa,Francia,Consumidor Final (B2C),Distribuidores,Hogar y Electro,Cafeteras Express,441.48,1,0.05,441.48,419.41,291.0,128.41,30.62,5,1
ORD-20251156,2026-05-08,Latinoamérica,Argentina,Empresas (B2B),Distribuidores,Hogar y Electro,Domótica,400.98,8,0.05,3207.84,3047.45,1928.96,1118.49,36.7,5,3
ORD-20250822,2026-05-08,Latinoamérica,Perú,Consumidor Final (B2C),Tienda Online,Moda y Calzado,Accesorios y Bolsos,95.83,2,0.0,191.66,191.66,71.65,120.01,62.62,5,2
ORD-20250891,2026-05-08,Asia-Pacífico,Singapur,Empresas (B2B),Tienda Online,Moda y Calzado,Abrigos Técnicos,136.17,2,0.1,272.34,245.11,124.54,120.57,49.19,5,4
ORD-20251452,2026-05-08,Asia-Pacífico,Japón,Empresas (B2B),Marketplace,Moda y Calzado,Accesorios y Bolsos,162.97,7,0.1,1140.79,1026.71,590.6,436.11,42.48,5,4
ORD-20251050,2026-05-09,Norteamérica,Canadá,Consumidor Final (B2C),Distribuidores,Tecnología,Laptops & Ultrabooks,92.51,3,0.1,277.53,249.78,198.14,51.64,20.67,5,5
ORD-20251129,2026-05-09,Europa,Reino Unido,Empresas (B2B),Tienda Online,Hogar y Electro,Aspiradoras Robot,504.86,3,0.1,1514.58,1363.12,934.36,428.76,31.45,4,2
ORD-20251210,2026-05-09,Europa,España,Corporativo,Distribuidores,Tecnología,Auriculares Inalámbricos,674.79,7,0.1,4723.53,4251.18,3004.01,1247.17,29.34,4,5
ORD-20250551,2026-05-09,Norteamérica,Canadá,Corporativo,Distribuidores,Moda y Calzado,Accesorios y Bolsos,56.81,17,0.2,965.77,772.62,404.05,368.57,47.7,4,1
ORD-20250789,2026-05-09,Asia-Pacífico,Corea del Sur,Consumidor Final (B2C),Tienda Online,Tecnología,Auriculares Inalámbricos,225.67,2,0.05,451.34,428.77,285.78,142.99,33.35,5,2
ORD-20250573,2026-05-09,Europa,Francia,Consumidor Final (B2C),Distribuidores,Hogar y Electro,Purificadores de Aire,255.51,1,0.1,255.51,229.96,177.31,52.65,22.9,4,1
ORD-20250983,2026-05-09,Norteamérica,México,Empresas (B2B),Marketplace,Tecnología,Monitores 4K,288.3,7,0.15,2018.1,1715.38,1466.39,248.99,14.52,5,5
ORD-20250090,2026-05-09,Norteamérica,México,Empresas (B2B),Tienda Online,Hogar y Electro,Purificadores de Aire,66.86,2,0.15,133.72,113.66,82.83,30.83,27.12,5,2
ORD-20251150,2026-05-09,Norteamérica,Canadá,Consumidor Final (B2C),Tienda Online,Tecnología,Smartphones 5G,373.46,3,0.1,1120.38,1008.34,741.0,267.34,26.51,5,1
ORD-20251173,2026-05-10,Asia-Pacífico,Singapur,Empresas (B2B),Marketplace,Moda y Calzado,Abrigos Técnicos,82.58,6,0.05,495.48,470.71,186.38,284.33,60.4,5,5
ORD-20250766,2026-05-10,Latinoamérica,Perú,Empresas (B2B),Venta Directa,Hogar y Electro,Purificadores de Aire,539.48,2,0.1,1078.96,971.06,612.79,358.27,36.89,4,1
ORD-20250365,2026-05-10,Latinoamérica,Colombia,Consumidor Final (B2C),Tienda Online,Tecnología,Accesorios,596.01,3,0.1,1788.03,1609.23,1287.42,321.81,20.0,4,3
ORD-20250820,2026-05-10,Norteamérica,Estados Unidos,Consumidor Final (B2C),Marketplace,Hogar y Electro,Domótica,474.5,2,0.0,949.0,949.0,569.45,379.55,39.99,5,2
ORD-20250310,2026-05-10,Norteamérica,México,Consumidor Final (B2C),Venta Directa,Tecnología,Accesorios,753.95,3,0.05,2261.85,2148.76,1462.99,685.77,31.91,5,5
ORD-20250056,2026-05-11,Europa,Reino Unido,Empresas (B2B),Venta Directa,Hogar y Electro,Aspiradoras Robot,173.53,5,0.15,867.65,737.5,495.54,241.96,32.81,4,4
ORD-20251081,2026-05-11,Norteamérica,Estados Unidos,Consumidor Final (B2C),Venta Directa,Hogar y Electro,Purificadores de Aire,291.8,3,0.0,875.4,875.4,490.29,385.11,43.99,4,1
ORD-20250512,2026-05-11,Norteamérica,Estados Unidos,Corporativo,Venta Directa,Moda y Calzado,Abrigos Técnicos,183.32,5,0.1,916.6,824.94,355.61,469.33,56.89,4,5
ORD-20250102,2026-05-11,Latinoamérica,Argentina,Consumidor Final (B2C),Marketplace,Tecnología,Laptops & Ultrabooks,544.14,2,0.05,1088.28,1033.87,732.28,301.59,29.17,4,4
ORD-20251211,2026-05-11,Europa,España,Corporativo,Tienda Online,Mobiliario y Oficina,Organizadores,46.64,12,0.2,559.68,447.74,351.48,96.26,21.5,5,5
ORD-20250471,2026-05-12,Europa,Francia,Empresas (B2B),Distribuidores,Hogar y Electro,Purificadores de Aire,124.52,4,0.05,498.08,473.18,313.34,159.84,33.78,5,1
ORD-20250264,2026-05-12,Norteamérica,México,Corporativo,Tienda Online,Tecnología,Laptops & Ultrabooks,735.9,6,0.1,4415.4,3973.86,3023.72,950.14,23.91,4,2
ORD-20250328,2026-05-12,Europa,Alemania,Consumidor Final (B2C),Tienda Online,Mobiliario y Oficina,Sillas Ergonómicas,413.44,2,0.0,826.88,826.88,449.99,376.89,45.58,5,4
ORD-20250599,2026-05-12,Latinoamérica,Colombia,Empresas (B2B),Tienda Online,Mobiliario y Oficina,Lámparas LED,283.68,8,0.1,2269.44,2042.5,1201.79,840.71,41.16,4,4
ORD-20251127,2026-05-12,Europa,España,Consumidor Final (B2C),Tienda Online,Tecnología,Smartphones 5G,1100.78,3,0.05,3302.34,3137.22,2274.36,862.86,27.5,3,3
ORD-20250838,2026-05-13,Latinoamérica,Argentina,Corporativo,Tienda Online,Tecnología,Accesorios,1220.42,23,0.15,28069.66,23859.21,17980.45,5878.76,24.64,4,3
ORD-20251130,2026-05-13,Latinoamérica,Brasil,Consumidor Final (B2C),Distribuidores,Tecnología,Accesorios,767.72,1,0.05,767.72,729.33,505.42,223.91,30.7,5,4
ORD-20250032,2026-05-13,Asia-Pacífico,Australia,Consumidor Final (B2C),Distribuidores,Mobiliario y Oficina,Sillas Ergonómicas,440.94,1,0.0,440.94,440.94,246.08,194.86,44.19,3,5
ORD-20250721,2026-05-13,Norteamérica,México,Consumidor Final (B2C),Venta Directa,Mobiliario y Oficina,Lámparas LED,147.21,2,0.05,294.42,279.7,176.77,102.93,36.8,5,1
ORD-20251185,2026-05-13,Norteamérica,Estados Unidos,Consumidor Final (B2C),Tienda Online,Tecnología,Auriculares Inalámbricos,883.7,1,0.05,883.7,839.51,587.99,251.52,29.96,4,5
ORD-20250548,2026-05-13,Europa,Francia,Empresas (B2B),Venta Directa,Mobiliario y Oficina,Lámparas LED,162.36,5,0.05,811.8,771.21,448.01,323.2,41.91,4,3
ORD-20250846,2026-05-14,Europa,España,Empresas (B2B),Venta Directa,Tecnología,Laptops & Ultrabooks,118.09,6,0.15,708.54,602.26,501.52,100.74,16.73,4,1
ORD-20251217,2026-05-14,Norteamérica,Estados Unidos,Consumidor Final (B2C),Venta Directa,Tecnología,Monitores 4K,659.54,1,0.1,659.54,593.59,441.66,151.93,25.6,4,1
ORD-20251372,2026-05-14,Europa,Reino Unido,Consumidor Final (B2C),Tienda Online,Mobiliario y Oficina,Organizadores,142.91,1,0.0,142.91,142.91,88.36,54.55,38.17,5,2
ORD-20250689,2026-05-14,Latinoamérica,Argentina,Corporativo,Marketplace,Moda y Calzado,Accesorios y Bolsos,35.53,16,0.15,568.48,483.21,291.42,191.79,39.69,5,3
ORD-20250912,2026-05-15,Latinoamérica,Chile,Consumidor Final (B2C),Tienda Online,Tecnología,Smartphones 5G,736.36,3,0.05,2209.08,2098.63,1510.94,587.69,28.0,3,4
ORD-20250558,2026-05-15,Norteamérica,Estados Unidos,Consumidor Final (B2C),Tienda Online,Mobiliario y Oficina,Lámparas LED,378.38,1,0.1,378.38,340.54,196.75,143.79,42.22,4,5
ORD-20251241,2026-05-15,Asia-Pacífico,Australia,Consumidor Final (B2C),Distribuidores,Tecnología,Laptops & Ultrabooks,146.22,3,0.1,438.66,394.79,319.26,75.53,19.13,5,3
ORD-20250816,2026-05-15,Europa,Alemania,Empresas (B2B),Venta Directa,Moda y Calzado,Calzado Deportivo,45.63,5,0.05,228.15,216.74,120.48,96.26,44.41,5,2
ORD-20250516,2026-05-15,Europa,Reino Unido,Empresas (B2B),Tienda Online,Tecnología,Auriculares Inalámbricos,564.11,5,0.1,2820.55,2538.5,1881.56,656.94,25.88,3,5
ORD-20251314,2026-05-15,Europa,Francia,Consumidor Final (B2C),Tienda Online,Tecnología,Smartphones 5G,216.66,2,0.1,433.32,389.99,284.16,105.83,27.14,5,3
ORD-20251140,2026-05-16,Latinoamérica,Chile,Consumidor Final (B2C),Distribuidores,Hogar y Electro,Cafeteras Express,216.5,3,0.0,649.5,649.5,404.33,245.17,37.75,5,2
ORD-20250331,2026-05-16,Latinoamérica,Colombia,Empresas (B2B),Tienda Online,Hogar y Electro,Purificadores de Aire,486.66,6,0.1,2919.96,2627.96,1878.94,749.02,28.5,5,5
ORD-20251459,2026-05-17,Latinoamérica,Perú,Consumidor Final (B2C),Tienda Online,Tecnología,Accesorios,770.68,1,0.0,770.68,770.68,510.53,260.15,33.76,5,3
ORD-20250502,2026-05-17,Europa,Francia,Empresas (B2B),Marketplace,Tecnología,Smartphones 5G,109.79,8,0.1,878.32,790.49,607.29,183.2,23.18,5,4
ORD-20250676,2026-05-17,Norteamérica,México,Empresas (B2B),Distribuidores,Hogar y Electro,Aspiradoras Robot,278.87,7,0.1,1952.09,1756.88,1254.62,502.26,28.59,3,1
ORD-20251126,2026-05-17,Asia-Pacífico,Corea del Sur,Empresas (B2B),Marketplace,Tecnología,Smartphones 5G,572.27,2,0.05,1144.54,1087.31,688.82,398.49,36.65,4,4
ORD-20251290,2026-05-17,Norteamérica,México,Corporativo,Tienda Online,Mobiliario y Oficina,Organizadores,114.24,12,0.25,1370.88,1028.16,770.24,257.92,25.09,4,4
ORD-20250405,2026-05-17,Europa,España,Consumidor Final (B2C),Distribuidores,Mobiliario y Oficina,Sillas Ergonómicas,242.12,1,0.05,242.12,230.01,142.43,87.58,38.08,5,2
ORD-20251374,2026-05-17,Norteamérica,Canadá,Consumidor Final (B2C),Tienda Online,Tecnología,Auriculares Inalámbricos,685.42,2,0.05,1370.84,1302.3,976.62,325.68,25.01,5,5
ORD-20250898,2026-05-18,Asia-Pacífico,Corea del Sur,Consumidor Final (B2C),Marketplace,Tecnología,Laptops & Ultrabooks,921.21,1,0.0,921.21,921.21,572.18,349.03,37.89,5,2
ORD-20250099,2026-05-18,Latinoamérica,Colombia,Consumidor Final (B2C),Distribuidores,Mobiliario y Oficina,Escritorios Regulables,194.03,2,0.05,388.06,368.66,239.37,129.29,35.07,4,1
ORD-20250978,2026-05-18,Latinoamérica,Chile,Empresas (B2B),Venta Directa,Mobiliario y Oficina,Organizadores,326.1,5,0.05,1630.5,1548.97,821.29,727.68,46.98,5,5
ORD-20251476,2026-05-18,Europa,España,Consumidor Final (B2C),Distribuidores,Hogar y Electro,Domótica,235.84,3,0.1,707.52,636.77,445.1,191.67,30.1,4,1
ORD-20250801,2026-05-18,Norteamérica,Canadá,Empresas (B2B),Distribuidores,Hogar y Electro,Cafeteras Express,515.49,6,0.1,3092.94,2783.65,2143.72,639.93,22.99,5,2
ORD-20250332,2026-05-18,Latinoamérica,Brasil,Empresas (B2B),Venta Directa,Mobiliario y Oficina,Organizadores,311.3,7,0.15,2179.1,1852.23,1133.81,718.42,38.79,5,1
ORD-20250657,2026-05-18,Europa,Reino Unido,Consumidor Final (B2C),Tienda Online,Hogar y Electro,Domótica,476.89,2,0.05,953.78,906.09,568.26,337.83,37.28,4,3
ORD-20250042,2026-05-18,Norteamérica,Canadá,Consumidor Final (B2C),Tienda Online,Mobiliario y Oficina,Escritorios Regulables,41.06,1,0.0,41.06,41.06,24.94,16.12,39.26,5,2
ORD-20251212,2026-05-19,Norteamérica,México,Consumidor Final (B2C),Tienda Online,Mobiliario y Oficina,Escritorios Regulables,253.13,2,0.05,506.26,480.95,261.82,219.13,45.56,4,3
ORD-20250711,2026-05-19,Norteamérica,Canadá,Consumidor Final (B2C),Venta Directa,Moda y Calzado,Abrigos Técnicos,66.07,1,0.05,66.07,62.77,27.56,35.21,56.09,4,2
ORD-20251114,2026-05-19,Norteamérica,México,Consumidor Final (B2C),Distribuidores,Tecnología,Smartphones 5G,268.29,3,0.05,804.87,764.63,582.24,182.39,23.85,5,4
ORD-20250188,2026-05-19,Latinoamérica,Perú,Corporativo,Marketplace,Hogar y Electro,Domótica,578.07,20,0.15,11561.4,9827.19,8035.84,1791.35,18.23,4,2
ORD-20250618,2026-05-20,Europa,Alemania,Corporativo,Venta Directa,Mobiliario y Oficina,Lámparas LED,205.79,18,0.15,3704.22,3148.59,2319.39,829.2,26.34,5,3
ORD-20250977,2026-05-20,Latinoamérica,Brasil,Empresas (B2B),Venta Directa,Mobiliario y Oficina,Organizadores,127.4,4,0.05,509.6,484.12,292.9,191.22,39.5,4,3
ORD-20251410,2026-05-20,Latinoamérica,Perú,Empresas (B2B),Tienda Online,Hogar y Electro,Purificadores de Aire,67.26,4,0.15,269.04,228.68,179.25,49.43,21.62,5,4
ORD-20250919,2026-05-20,Norteamérica,Estados Unidos,Empresas (B2B),Tienda Online,Tecnología,Monitores 4K,1280.57,8,0.15,10244.56,8707.88,6398.2,2309.68,26.52,5,2
ORD-20250936,2026-05-20,Latinoamérica,Argentina,Empresas (B2B),Tienda Online,Tecnología,Smartphones 5G,950.84,6,0.15,5705.04,4849.28,3449.46,1399.82,28.87,4,4
ORD-20251071,2026-05-20,Norteamérica,México,Empresas (B2B),Distribuidores,Mobiliario y Oficina,Escritorios Regulables,345.48,4,0.05,1381.92,1312.82,929.76,383.06,29.18,4,2
ORD-20250280,2026-05-20,Asia-Pacífico,Singapur,Empresas (B2B),Tienda Online,Hogar y Electro,Purificadores de Aire,218.16,2,0.1,436.32,392.69,283.99,108.7,27.68,5,5
ORD-20250591,2026-05-20,Europa,Francia,Empresas (B2B),Tienda Online,Mobiliario y Oficina,Escritorios Regulables,354.82,9,0.1,3193.38,2874.04,1667.34,1206.7,41.99,4,3
ORD-20250127,2026-05-21,Latinoamérica,Argentina,Corporativo,Tienda Online,Tecnología,Laptops & Ultrabooks,609.97,14,0.15,8539.58,7258.64,5385.1,1873.54,25.81,5,3
ORD-20251255,2026-05-21,Norteamérica,Estados Unidos,Consumidor Final (B2C),Tienda Online,Tecnología,Auriculares Inalámbricos,443.1,3,0.0,1329.3,1329.3,929.11,400.19,30.11,3,5
ORD-20250138,2026-05-21,Norteamérica,Canadá,Empresas (B2B),Tienda Online,Mobiliario y Oficina,Escritorios Regulables,97.79,7,0.05,684.53,650.3,424.7,225.6,34.69,5,3
ORD-20250117,2026-05-22,Latinoamérica,Perú,Consumidor Final (B2C),Tienda Online,Mobiliario y Oficina,Lámparas LED,237.35,2,0.05,474.7,450.96,259.55,191.41,42.45,5,2
ORD-20250396,2026-05-22,Norteamérica,Estados Unidos,Corporativo,Tienda Online,Tecnología,Laptops & Ultrabooks,713.11,5,0.2,3565.55,2852.44,2141.93,710.51,24.91,4,4
ORD-20250089,2026-05-22,Asia-Pacífico,Australia,Consumidor Final (B2C),Venta Directa,Moda y Calzado,Calzado Deportivo,170.13,1,0.1,170.13,153.12,74.3,78.82,51.48,3,4
ORD-20250521,2026-05-22,Europa,Reino Unido,Corporativo,Venta Directa,Tecnología,Laptops & Ultrabooks,531.35,17,0.1,9032.95,8129.66,6339.64,1790.02,22.02,4,5
ORD-20251300,2026-05-22,Europa,Reino Unido,Corporativo,Tienda Online,Mobiliario y Oficina,Escritorios Regulables,174.27,19,0.2,3311.13,2648.9,1926.86,722.04,27.26,5,1
ORD-20250625,2026-05-22,Norteamérica,Canadá,Empresas (B2B),Venta Directa,Mobiliario y Oficina,Organizadores,410.72,9,0.05,3696.48,3511.66,2176.28,1335.38,38.03,5,3
ORD-20250426,2026-05-23,Norteamérica,Canadá,Consumidor Final (B2C),Tienda Online,Moda y Calzado,Calzado Deportivo,169.56,3,0.0,508.68,508.68,276.5,232.18,45.64,5,5
ORD-20251200,2026-05-23,Latinoamérica,Chile,Empresas (B2B),Venta Directa,Hogar y Electro,Domótica,266.83,8,0.1,2134.64,1921.18,1304.38,616.8,32.11,5,3
ORD-20250186,2026-05-23,Norteamérica,Canadá,Empresas (B2B),Venta Directa,Hogar y Electro,Aspiradoras Robot,149.17,8,0.1,1193.36,1074.02,756.75,317.27,29.54,5,4
ORD-20251124,2026-05-24,Europa,Reino Unido,Consumidor Final (B2C),Tienda Online,Mobiliario y Oficina,Lámparas LED,159.44,2,0.1,318.88,286.99,168.78,118.21,41.19,5,1
ORD-20250055,2026-05-24,Latinoamérica,Colombia,Corporativo,Venta Directa,Hogar y Electro,Aspiradoras Robot,375.2,19,0.1,7128.8,6415.92,4716.68,1699.24,26.48,4,1
ORD-20250882,2026-05-24,Norteamérica,Estados Unidos,Consumidor Final (B2C),Marketplace,Tecnología,Laptops & Ultrabooks,157.22,2,0.0,314.44,314.44,215.16,99.28,31.57,5,5
ORD-20250189,2026-05-24,Asia-Pacífico,Australia,Empresas (B2B),Venta Directa,Moda y Calzado,Accesorios y Bolsos,27.36,3,0.05,82.08,77.98,34.92,43.06,55.22,5,3
ORD-20251178,2026-05-24,Europa,España,Empresas (B2B),Tienda Online,Mobiliario y Oficina,Lámparas LED,341.15,2,0.05,682.3,648.18,343.37,304.81,47.03,5,5
ORD-20250031,2026-05-24,Norteamérica,México,Consumidor Final (B2C),Venta Directa,Mobiliario y Oficina,Lámparas LED,44.65,2,0.05,89.3,84.83,56.56,28.27,33.33,5,1
ORD-20251032,2026-05-25,Latinoamérica,Brasil,Consumidor Final (B2C),Distribuidores,Hogar y Electro,Aspiradoras Robot,206.56,2,0.1,413.12,371.81,249.29,122.52,32.95,4,2
ORD-20250190,2026-05-25,Europa,España,Consumidor Final (B2C),Distribuidores,Hogar y Electro,Aspiradoras Robot,50.24,1,0.05,50.24,47.73,30.63,17.1,35.83,5,3
ORD-20250873,2026-05-25,Europa,Reino Unido,Consumidor Final (B2C),Tienda Online,Tecnología,Laptops & Ultrabooks,969.61,1,0.05,969.61,921.13,674.04,247.09,26.82,5,3
ORD-20250955,2026-05-25,Latinoamérica,Argentina,Consumidor Final (B2C),Marketplace,Hogar y Electro,Aspiradoras Robot,83.43,3,0.0,250.29,250.29,149.09,101.2,40.43,5,5
ORD-20250975,2026-05-25,Europa,Francia,Consumidor Final (B2C),Venta Directa,Moda y Calzado,Calzado Deportivo,186.4,2,0.05,372.8,354.16,156.41,197.75,55.84,5,1
ORD-20251358,2026-05-25,Asia-Pacífico,Singapur,Consumidor Final (B2C),Distribuidores,Tecnología,Accesorios,187.13,3,0.0,561.39,561.39,420.05,141.34,25.18,5,4
ORD-20250756,2026-05-25,Norteamérica,México,Corporativo,Tienda Online,Hogar y Electro,Domótica,257.26,12,0.1,3087.12,2778.41,1713.68,1064.73,38.32,5,3
ORD-20250934,2026-05-26,Latinoamérica,Colombia,Empresas (B2B),Tienda Online,Moda y Calzado,Abrigos Técnicos,95.77,9,0.15,861.93,732.64,363.9,368.74,50.33,5,2
ORD-20250009,2026-05-26,Norteamérica,Estados Unidos,Consumidor Final (B2C),Venta Directa,Tecnología,Laptops & Ultrabooks,80.69,1,0.0,80.69,80.69,52.1,28.59,35.43,4,3
ORD-20250245,2026-05-26,Latinoamérica,Perú,Empresas (B2B),Tienda Online,Mobiliario y Oficina,Sillas Ergonómicas,379.3,6,0.15,2275.8,1934.43,1150.38,784.05,40.53,4,1
ORD-20250496,2026-05-26,Europa,Reino Unido,Consumidor Final (B2C),Venta Directa,Mobiliario y Oficina,Organizadores,164.95,1,0.0,164.95,164.95,85.03,79.92,48.45,5,5
ORD-20250614,2026-05-26,Latinoamérica,Argentina,Consumidor Final (B2C),Venta Directa,Tecnología,Accesorios,163.12,2,0.05,326.24,309.93,234.13,75.8,24.46,4,2
ORD-20250256,2026-05-27,Latinoamérica,Perú,Empresas (B2B),Tienda Online,Tecnología,Laptops & Ultrabooks,842.47,7,0.1,5897.29,5307.56,4266.88,1040.68,19.61,5,3
ORD-20251064,2026-05-27,Asia-Pacífico,Singapur,Empresas (B2B),Venta Directa,Tecnología,Laptops & Ultrabooks,721.79,6,0.05,4330.74,4114.2,3077.37,1036.83,25.2,4,4
ORD-20250642,2026-05-27,Europa,Reino Unido,Consumidor Final (B2C),Tienda Online,Hogar y Electro,Domótica,83.83,3,0.05,251.49,238.92,151.04,87.88,36.78,5,1
ORD-20250367,2026-05-27,Latinoamérica,Brasil,Corporativo,Tienda Online,Hogar y Electro,Domótica,107.43,17,0.25,1826.31,1369.73,1150.07,219.66,16.04,5,1
ORD-20251166,2026-05-27,Norteamérica,Estados Unidos,Consumidor Final (B2C),Marketplace,Tecnología,Smartphones 5G,1394.57,3,0.05,4183.71,3974.52,2531.06,1443.46,36.32,3,4
ORD-20250360,2026-05-27,Norteamérica,Estados Unidos,Consumidor Final (B2C),Tienda Online,Hogar y Electro,Cafeteras Express,55.0,2,0.1,110.0,99.0,68.93,30.07,30.37,4,3
ORD-20251492,2026-05-27,Europa,Francia,Corporativo,Venta Directa,Moda y Calzado,Calzado Deportivo,26.1,24,0.15,626.4,532.44,273.96,258.48,48.55,5,3
ORD-20250943,2026-05-27,Europa,España,Empresas (B2B),Tienda Online,Moda y Calzado,Abrigos Técnicos,59.75,6,0.05,358.5,340.57,155.6,184.97,54.31,5,4
ORD-20250720,2026-05-27,Asia-Pacífico,Corea del Sur,Consumidor Final (B2C),Distribuidores,Mobiliario y Oficina,Organizadores,391.19,1,0.1,391.19,352.07,205.81,146.26,41.54,5,5
ORD-20251264,2026-05-28,Norteamérica,México,Empresas (B2B),Venta Directa,Mobiliario y Oficina,Sillas Ergonómicas,86.64,8,0.1,693.12,623.81,391.0,232.81,37.32,5,5
ORD-20250723,2026-05-28,Latinoamérica,Perú,Consumidor Final (B2C),Venta Directa,Tecnología,Accesorios,492.0,1,0.1,492.0,442.8,318.63,124.17,28.04,4,2
ORD-20250817,2026-05-29,Europa,Reino Unido,Consumidor Final (B2C),Tienda Online,Hogar y Electro,Cafeteras Express,79.33,1,0.05,79.33,75.36,54.5,20.86,27.68,5,5
ORD-20250535,2026-05-29,Latinoamérica,Perú,Empresas (B2B),Distribuidores,Moda y Calzado,Accesorios y Bolsos,152.68,7,0.05,1068.76,1015.32,432.64,582.68,57.39,4,1
ORD-20250276,2026-05-29,Europa,Alemania,Empresas (B2B),Distribuidores,Tecnología,Accesorios,278.91,7,0.05,1952.37,1854.75,1257.33,597.42,32.21,5,5
ORD-20250832,2026-05-29,Norteamérica,México,Corporativo,Distribuidores,Mobiliario y Oficina,Sillas Ergonómicas,323.12,17,0.1,5493.04,4943.74,2895.28,2048.46,41.44,5,3
ORD-20250082,2026-05-29,Latinoamérica,Perú,Consumidor Final (B2C),Distribuidores,Hogar y Electro,Purificadores de Aire,475.05,2,0.1,950.1,855.09,561.5,293.59,34.33,5,4
ORD-20251245,2026-05-29,Norteamérica,Estados Unidos,Consumidor Final (B2C),Venta Directa,Tecnología,Smartphones 5G,1180.89,3,0.1,3542.67,3188.4,2620.27,568.13,17.82,5,3
ORD-20251406,2026-05-30,Norteamérica,México,Empresas (B2B),Tienda Online,Moda y Calzado,Abrigos Técnicos,153.96,2,0.05,307.92,292.52,168.88,123.64,42.27,5,1
ORD-20251286,2026-05-30,Norteamérica,México,Consumidor Final (B2C),Tienda Online,Tecnología,Laptops & Ultrabooks,1201.51,1,0.0,1201.51,1201.51,795.35,406.16,33.8,4,4
ORD-20251287,2026-05-30,Latinoamérica,Brasil,Consumidor Final (B2C),Marketplace,Tecnología,Accesorios,1305.92,3,0.0,3917.76,3917.76,2361.02,1556.74,39.74,5,1
ORD-20250764,2026-05-30,Asia-Pacífico,Corea del Sur,Consumidor Final (B2C),Tienda Online,Mobiliario y Oficina,Escritorios Regulables,214.43,1,0.05,214.43,203.71,130.57,73.14,35.9,5,5
ORD-20251030,2026-05-30,Latinoamérica,Perú,Corporativo,Tienda Online,Moda y Calzado,Calzado Deportivo,160.21,5,0.25,801.05,600.79,428.15,172.64,28.74,5,1
ORD-20250897,2026-05-31,Norteamérica,Canadá,Empresas (B2B),Marketplace,Moda y Calzado,Accesorios y Bolsos,166.18,2,0.1,332.36,299.12,167.54,131.58,43.99,4,1
ORD-20250706,2026-05-31,Europa,Alemania,Empresas (B2B),Distribuidores,Mobiliario y Oficina,Organizadores,259.02,7,0.15,1813.14,1541.17,1191.67,349.5,22.68,4,2
ORD-20250738,2026-05-31,Asia-Pacífico,Corea del Sur,Empresas (B2B),Distribuidores,Tecnología,Laptops & Ultrabooks,763.56,8,0.1,6108.48,5497.63,4203.95,1293.68,23.53,5,1
ORD-20250119,2026-05-31,Europa,España,Consumidor Final (B2C),Distribuidores,Mobiliario y Oficina,Sillas Ergonómicas,405.75,1,0.0,405.75,405.75,250.98,154.77,38.14,5,2
ORD-20251174,2026-06-01,Europa,Alemania,Consumidor Final (B2C),Tienda Online,Tecnología,Accesorios,674.89,1,0.1,674.89,607.4,440.9,166.5,27.41,4,3
ORD-20250883,2026-06-01,Europa,España,Consumidor Final (B2C),Tienda Online,Moda y Calzado,Accesorios y Bolsos,33.96,1,0.05,33.96,32.26,18.2,14.06,43.58,4,1
ORD-20251231,2026-06-01,Norteamérica,Estados Unidos,Consumidor Final (B2C),Venta Directa,Tecnología,Auriculares Inalámbricos,831.25,2,0.1,1662.5,1496.25,1038.29,457.96,30.61,3,3
ORD-20250142,2026-06-01,Asia-Pacífico,Singapur,Corporativo,Tienda Online,Hogar y Electro,Purificadores de Aire,161.11,12,0.1,1933.32,1739.99,1275.79,464.2,26.68,5,5
ORD-20250787,2026-06-01,Europa,España,Consumidor Final (B2C),Tienda Online,Moda y Calzado,Abrigos Técnicos,163.17,2,0.0,326.34,326.34,168.61,157.73,48.33,5,3
ORD-20250208,2026-06-01,Europa,Reino Unido,Empresas (B2B),Venta Directa,Tecnología,Laptops & Ultrabooks,658.67,4,0.05,2634.68,2502.95,1796.93,706.02,28.21,5,2
ORD-20250994,2026-06-01,Norteamérica,Estados Unidos,Empresas (B2B),Distribuidores,Mobiliario y Oficina,Lámparas LED,120.42,7,0.15,842.94,716.5,552.23,164.27,22.93,5,1
ORD-20250318,2026-06-01,Latinoamérica,Brasil,Corporativo,Tienda Online,Moda y Calzado,Calzado Deportivo,35.5,14,0.25,497.0,372.75,177.82,194.93,52.3,4,2
ORD-20250399,2026-06-01,Norteamérica,México,Empresas (B2B),Distribuidores,Moda y Calzado,Accesorios y Bolsos,64.18,7,0.15,449.26,381.87,233.63,148.24,38.82,4,3
ORD-20250762,2026-06-01,Norteamérica,Estados Unidos,Empresas (B2B),Distribuidores,Tecnología,Auriculares Inalámbricos,324.55,5,0.15,1622.75,1379.34,1119.12,260.22,18.87,5,4
ORD-20250731,2026-06-02,Norteamérica,Estados Unidos,Consumidor Final (B2C),Distribuidores,Hogar y Electro,Aspiradoras Robot,248.43,1,0.0,248.43,248.43,139.1,109.33,44.01,4,3
ORD-20250980,2026-06-02,Europa,Alemania,Empresas (B2B),Tienda Online,Tecnología,Smartphones 5G,1243.25,3,0.05,3729.75,3543.26,2697.93,845.33,23.86,5,1
ORD-20250163,2026-06-02,Norteamérica,Estados Unidos,Consumidor Final (B2C),Marketplace,Tecnología,Monitores 4K,233.3,2,0.0,466.6,466.6,313.14,153.46,32.89,4,2
ORD-20251176,2026-06-02,Europa,Reino Unido,Empresas (B2B),Distribuidores,Hogar y Electro,Purificadores de Aire,453.03,6,0.05,2718.18,2582.27,1848.82,733.45,28.4,4,3
ORD-20250849,2026-06-02,Norteamérica,Canadá,Empresas (B2B),Distribuidores,Mobiliario y Oficina,Sillas Ergonómicas,101.77,9,0.05,915.93,870.13,485.5,384.63,44.2,4,3
ORD-20250527,2026-06-03,Latinoamérica,Argentina,Empresas (B2B),Distribuidores,Tecnología,Monitores 4K,100.39,9,0.1,903.51,813.16,629.82,183.34,22.55,3,2
ORD-20250678,2026-06-03,Norteamérica,Estados Unidos,Empresas (B2B),Tienda Online,Moda y Calzado,Ropa Casual,29.73,2,0.1,59.46,53.51,23.81,29.7,55.5,5,3
ORD-20250836,2026-06-03,Asia-Pacífico,Japón,Empresas (B2B),Tienda Online,Moda y Calzado,Calzado Deportivo,66.46,8,0.1,531.68,478.51,215.02,263.49,55.06,3,2
ORD-20250237,2026-06-03,Europa,España,Empresas (B2B),Marketplace,Tecnología,Accesorios,660.46,9,0.15,5944.14,5052.52,4278.26,774.26,15.32,4,5
ORD-20250124,2026-06-03,Europa,Alemania,Consumidor Final (B2C),Marketplace,Mobiliario y Oficina,Escritorios Regulables,317.15,3,0.05,951.45,903.88,477.9,425.98,47.13,5,2
ORD-20250380,2026-06-03,Norteamérica,Estados Unidos,Empresas (B2B),Tienda Online,Tecnología,Laptops & Ultrabooks,1020.13,4,0.1,4080.52,3672.47,2828.55,843.92,22.98,3,5
ORD-20250696,2026-06-04,Asia-Pacífico,Australia,Consumidor Final (B2C),Venta Directa,Moda y Calzado,Abrigos Técnicos,219.52,3,0.1,658.56,592.7,253.99,338.71,57.15,5,2
ORD-20250479,2026-06-04,Latinoamérica,Argentina,Empresas (B2B),Tienda Online,Mobiliario y Oficina,Lámparas LED,350.06,3,0.05,1050.18,997.67,616.4,381.27,38.22,5,3
ORD-20250335,2026-06-05,Europa,Francia,Corporativo,Tienda Online,Mobiliario y Oficina,Organizadores,358.49,9,0.2,3226.41,2581.13,1772.4,808.73,31.33,5,5
ORD-20250942,2026-06-05,Norteamérica,Canadá,Empresas (B2B),Tienda Online,Tecnología,Accesorios,1143.23,5,0.05,5716.15,5430.34,3533.21,1897.13,34.94,4,4
ORD-20250075,2026-06-05,Latinoamérica,Argentina,Empresas (B2B),Tienda Online,Mobiliario y Oficina,Escritorios Regulables,131.77,8,0.05,1054.16,1001.45,639.59,361.86,36.13,5,2
ORD-20251487,2026-06-06,Latinoamérica,Chile,Consumidor Final (B2C),Marketplace,Moda y Calzado,Abrigos Técnicos,163.27,2,0.0,326.54,326.54,119.84,206.7,63.3,5,3
ORD-20251267,2026-06-07,Latinoamérica,Argentina,Consumidor Final (B2C),Venta Directa,Moda y Calzado,Ropa Casual,43.56,2,0.0,87.12,87.12,46.91,40.21,46.15,4,3
ORD-20250326,2026-06-07,Europa,Francia,Empresas (B2B),Tienda Online,Tecnología,Smartphones 5G,642.32,4,0.15,2569.28,2183.89,1795.07,388.82,17.8,5,4
ORD-20250624,2026-06-07,Europa,Alemania,Empresas (B2B),Marketplace,Hogar y Electro,Cafeteras Express,104.17,5,0.05,520.85,494.81,325.14,169.67,34.29,5,5
ORD-20250434,2026-06-07,Europa,España,Consumidor Final (B2C),Tienda Online,Tecnología,Laptops & Ultrabooks,114.11,3,0.05,342.33,325.21,245.47,79.74,24.52,4,1
ORD-20251339,2026-06-08,Norteamérica,Canadá,Consumidor Final (B2C),Tienda Online,Moda y Calzado,Calzado Deportivo,87.36,3,0.0,262.08,262.08,138.69,123.39,47.08,4,2
ORD-20251012,2026-06-08,Norteamérica,Canadá,Consumidor Final (B2C),Venta Directa,Mobiliario y Oficina,Sillas Ergonómicas,232.27,2,0.05,464.54,441.31,309.33,131.98,29.91,4,5
ORD-20251447,2026-06-08,Europa,Reino Unido,Consumidor Final (B2C),Venta Directa,Moda y Calzado,Calzado Deportivo,26.94,1,0.1,26.94,24.25,13.48,10.77,44.41,4,2
ORD-20250382,2026-06-08,Asia-Pacífico,Singapur,Consumidor Final (B2C),Venta Directa,Tecnología,Smartphones 5G,982.85,1,0.0,982.85,982.85,658.86,323.99,32.96,3,4
ORD-20250843,2026-06-08,Latinoamérica,Argentina,Consumidor Final (B2C),Venta Directa,Hogar y Electro,Domótica,426.41,3,0.0,1279.23,1279.23,841.13,438.1,34.25,5,2
ORD-20250085,2026-06-09,Europa,Francia,Consumidor Final (B2C),Venta Directa,Mobiliario y Oficina,Organizadores,202.17,3,0.1,606.51,545.86,382.06,163.8,30.01,5,1
ORD-20250180,2026-06-09,Europa,España,Empresas (B2B),Distribuidores,Tecnología,Monitores 4K,797.82,8,0.05,6382.56,6063.43,4488.26,1575.17,25.98,4,2
ORD-20251201,2026-06-09,Asia-Pacífico,Japón,Consumidor Final (B2C),Marketplace,Moda y Calzado,Abrigos Técnicos,47.48,3,0.1,142.44,128.2,50.74,77.46,60.42,4,4
ORD-20250379,2026-06-09,Europa,Francia,Consumidor Final (B2C),Tienda Online,Moda y Calzado,Accesorios y Bolsos,142.44,2,0.05,284.88,270.64,143.97,126.67,46.8,3,2
ORD-20250475,2026-06-09,Europa,España,Consumidor Final (B2C),Distribuidores,Tecnología,Smartphones 5G,1292.14,2,0.1,2584.28,2325.85,1624.72,701.13,30.15,5,4
ORD-20250444,2026-06-09,Europa,Alemania,Corporativo,Tienda Online,Moda y Calzado,Accesorios y Bolsos,105.07,24,0.25,2521.68,1891.26,1334.6,556.66,29.43,5,2
ORD-20251162,2026-06-10,Europa,Alemania,Empresas (B2B),Venta Directa,Tecnología,Monitores 4K,499.43,2,0.15,998.86,849.03,610.58,238.45,28.08,3,5
ORD-20250995,2026-06-10,Latinoamérica,Brasil,Corporativo,Distribuidores,Tecnología,Smartphones 5G,497.25,12,0.1,5967.0,5370.3,3952.15,1418.15,26.41,4,3
ORD-20250827,2026-06-10,Norteamérica,Estados Unidos,Consumidor Final (B2C),Distribuidores,Moda y Calzado,Accesorios y Bolsos,209.35,3,0.1,628.05,565.25,228.24,337.01,59.62,5,3
ORD-20251384,2026-06-11,Norteamérica,Estados Unidos,Consumidor Final (B2C),Tienda Online,Mobiliario y Oficina,Organizadores,340.68,2,0.1,681.36,613.22,451.0,162.22,26.45,3,5
ORD-20250436,2026-06-11,Asia-Pacífico,Japón,Consumidor Final (B2C),Distribuidores,Tecnología,Accesorios,562.28,1,0.0,562.28,562.28,384.15,178.13,31.68,5,5
ORD-20251021,2026-06-11,Latinoamérica,Chile,Corporativo,Tienda Online,Mobiliario y Oficina,Sillas Ergonómicas,102.28,7,0.15,715.96,608.57,433.06,175.51,28.84,4,5
ORD-20250634,2026-06-11,Latinoamérica,Argentina,Consumidor Final (B2C),Tienda Online,Tecnología,Auriculares Inalámbricos,968.63,3,0.0,2905.89,2905.89,1876.43,1029.46,35.43,5,2
ORD-20250058,2026-06-12,Norteamérica,Estados Unidos,Empresas (B2B),Tienda Online,Moda y Calzado,Ropa Casual,188.13,4,0.1,752.52,677.27,307.64,369.63,54.58,5,2
ORD-20250006,2026-06-12,Norteamérica,México,Corporativo,Tienda Online,Hogar y Electro,Aspiradoras Robot,102.48,9,0.2,922.32,737.86,589.08,148.78,20.16,4,3
ORD-20250015,2026-06-12,Norteamérica,Canadá,Consumidor Final (B2C),Distribuidores,Tecnología,Laptops & Ultrabooks,937.52,3,0.1,2812.56,2531.3,1964.97,566.33,22.37,5,4
ORD-20250460,2026-06-13,Norteamérica,Estados Unidos,Consumidor Final (B2C),Tienda Online,Tecnología,Smartphones 5G,787.07,2,0.05,1574.14,1495.43,945.64,549.79,36.76,5,4
ORD-20250016,2026-06-13,Asia-Pacífico,Singapur,Consumidor Final (B2C),Tienda Online,Hogar y Electro,Purificadores de Aire,404.81,3,0.0,1214.43,1214.43,703.5,510.93,42.07,5,3
ORD-20251042,2026-06-13,Asia-Pacífico,Japón,Consumidor Final (B2C),Venta Directa,Moda y Calzado,Accesorios y Bolsos,61.37,1,0.05,61.37,58.3,28.74,29.56,50.7,4,3
ORD-20251278,2026-06-13,Europa,Alemania,Corporativo,Venta Directa,Tecnología,Smartphones 5G,740.93,17,0.2,12595.81,10076.65,8576.56,1500.09,14.89,4,2
ORD-20251270,2026-06-14,Europa,Francia,Consumidor Final (B2C),Venta Directa,Tecnología,Smartphones 5G,373.1,3,0.0,1119.3,1119.3,692.5,426.8,38.13,5,2
ORD-20251198,2026-06-14,Asia-Pacífico,Japón,Empresas (B2B),Marketplace,Mobiliario y Oficina,Sillas Ergonómicas,83.61,5,0.05,418.05,397.15,241.08,156.07,39.3,5,3
ORD-20251347,2026-06-14,Norteamérica,Estados Unidos,Corporativo,Venta Directa,Hogar y Electro,Aspiradoras Robot,532.62,12,0.1,6391.44,5752.3,4329.93,1422.37,24.73,5,3
ORD-20251389,2026-06-14,Asia-Pacífico,Australia,Consumidor Final (B2C),Distribuidores,Mobiliario y Oficina,Escritorios Regulables,187.71,2,0.0,375.42,375.42,250.65,124.77,33.23,5,3
ORD-20250962,2026-06-15,Latinoamérica,Perú,Consumidor Final (B2C),Marketplace,Hogar y Electro,Cafeteras Express,503.77,2,0.1,1007.54,906.79,655.86,250.93,27.67,4,1
ORD-20250572,2026-06-15,Asia-Pacífico,Japón,Consumidor Final (B2C),Tienda Online,Moda y Calzado,Calzado Deportivo,137.51,2,0.1,275.02,247.52,105.97,141.55,57.19,4,5
ORD-20250272,2026-06-15,Latinoamérica,Colombia,Corporativo,Marketplace,Moda y Calzado,Accesorios y Bolsos,82.34,14,0.2,1152.76,922.21,461.8,460.41,49.92,5,4
ORD-20250196,2026-06-15,Norteamérica,Estados Unidos,Consumidor Final (B2C),Marketplace,Moda y Calzado,Accesorios y Bolsos,182.31,3,0.05,546.93,519.58,234.44,285.14,54.88,5,1
ORD-20251047,2026-06-15,Europa,España,Consumidor Final (B2C),Venta Directa,Mobiliario y Oficina,Sillas Ergonómicas,119.69,3,0.05,359.07,341.12,190.24,150.88,44.23,4,4
ORD-20250954,2026-06-16,Europa,Francia,Consumidor Final (B2C),Distribuidores,Moda y Calzado,Accesorios y Bolsos,118.6,3,0.1,355.8,320.22,189.71,130.51,40.76,4,4
ORD-20250385,2026-06-17,Latinoamérica,Perú,Empresas (B2B),Tienda Online,Tecnología,Laptops & Ultrabooks,725.8,7,0.15,5080.6,4318.51,3108.03,1210.48,28.03,5,2
ORD-20250755,2026-06-17,Norteamérica,Canadá,Corporativo,Tienda Online,Mobiliario y Oficina,Lámparas LED,214.61,17,0.1,3648.37,3283.53,2032.61,1250.92,38.1,5,3
ORD-20251435,2026-06-17,Norteamérica,Canadá,Consumidor Final (B2C),Distribuidores,Tecnología,Monitores 4K,1278.09,1,0.05,1278.09,1214.19,837.31,376.88,31.04,5,4
ORD-20251430,2026-06-17,Latinoamérica,Colombia,Corporativo,Tienda Online,Tecnología,Laptops & Ultrabooks,921.7,13,0.15,11982.1,10184.78,7965.39,2219.39,21.79,5,5
ORD-20251109,2026-06-17,Europa,Alemania,Consumidor Final (B2C),Distribuidores,Tecnología,Smartphones 5G,1294.31,2,0.1,2588.62,2329.76,1706.77,622.99,26.74,5,1
ORD-20250397,2026-06-17,Latinoamérica,Perú,Consumidor Final (B2C),Tienda Online,Moda y Calzado,Accesorios y Bolsos,105.17,2,0.0,210.34,210.34,74.45,135.89,64.6,5,3
ORD-20250963,2026-06-17,Asia-Pacífico,Japón,Empresas (B2B),Tienda Online,Tecnología,Laptops & Ultrabooks,481.37,4,0.15,1925.48,1636.66,1158.32,478.34,29.23,5,5
ORD-20250145,2026-06-17,Norteamérica,Canadá,Consumidor Final (B2C),Venta Directa,Tecnología,Laptops & Ultrabooks,1068.45,1,0.1,1068.45,961.61,740.58,221.03,22.99,4,5
ORD-20250116,2026-06-18,Europa,Francia,Empresas (B2B),Venta Directa,Tecnología,Auriculares Inalámbricos,484.25,5,0.1,2421.25,2179.12,1607.5,571.62,26.23,4,4
ORD-20250571,2026-06-18,Asia-Pacífico,Australia,Consumidor Final (B2C),Tienda Online,Tecnología,Accesorios,294.86,2,0.1,589.72,530.75,367.7,163.05,30.72,4,2
ORD-20250797,2026-06-18,Europa,Francia,Consumidor Final (B2C),Tienda Online,Mobiliario y Oficina,Escritorios Regulables,244.68,1,0.0,244.68,244.68,135.37,109.31,44.67,3,4
ORD-20250914,2026-06-18,Europa,España,Consumidor Final (B2C),Tienda Online,Mobiliario y Oficina,Organizadores,389.66,3,0.0,1168.98,1168.98,622.42,546.56,46.76,3,2
ORD-20251366,2026-06-18,Norteamérica,Canadá,Empresas (B2B),Venta Directa,Mobiliario y Oficina,Lámparas LED,264.64,9,0.15,2381.76,2024.5,1420.68,603.82,29.83,5,5
ORD-20250456,2026-06-18,Latinoamérica,Brasil,Consumidor Final (B2C),Marketplace,Hogar y Electro,Purificadores de Aire,581.17,2,0.05,1162.34,1104.22,780.7,323.52,29.3,4,2
ORD-20250665,2026-06-18,Europa,Reino Unido,Consumidor Final (B2C),Tienda Online,Tecnología,Laptops & Ultrabooks,1228.28,1,0.0,1228.28,1228.28,854.32,373.96,30.45,4,4
ORD-20251483,2026-06-18,Norteamérica,Estados Unidos,Corporativo,Tienda Online,Tecnología,Laptops & Ultrabooks,1195.81,13,0.25,15545.53,11659.15,9913.33,1745.82,14.97,5,5
ORD-20250051,2026-06-18,Latinoamérica,Brasil,Empresas (B2B),Venta Directa,Moda y Calzado,Abrigos Técnicos,129.02,8,0.15,1032.16,877.34,524.05,353.29,40.27,4,1
ORD-20250530,2026-06-18,Europa,España,Empresas (B2B),Tienda Online,Tecnología,Laptops & Ultrabooks,230.17,5,0.1,1150.85,1035.76,802.34,233.42,22.54,5,4
ORD-20251164,2026-06-19,Norteamérica,México,Corporativo,Distribuidores,Moda y Calzado,Accesorios y Bolsos,177.82,20,0.15,3556.4,3022.94,1345.29,1677.65,55.5,4,4
ORD-20250472,2026-06-19,Europa,Reino Unido,Consumidor Final (B2C),Venta Directa,Hogar y Electro,Aspiradoras Robot,478.18,3,0.1,1434.54,1291.09,861.69,429.4,33.26,4,2
ORD-20250147,2026-06-19,Asia-Pacífico,Corea del Sur,Consumidor Final (B2C),Distribuidores,Tecnología,Auriculares Inalámbricos,158.0,3,0.05,474.0,450.3,330.67,119.63,26.57,5,3
ORD-20251113,2026-06-19,Latinoamérica,Colombia,Empresas (B2B),Distribuidores,Tecnología,Smartphones 5G,638.52,5,0.15,3192.6,2713.71,2147.02,566.69,20.88,5,1
ORD-20250717,2026-06-19,Latinoamérica,Brasil,Empresas (B2B),Tienda Online,Mobiliario y Oficina,Sillas Ergonómicas,431.59,7,0.15,3021.13,2567.96,1988.31,579.65,22.57,3,4
ORD-20251072,2026-06-19,Europa,España,Consumidor Final (B2C),Marketplace,Tecnología,Laptops & Ultrabooks,354.41,1,0.0,354.41,354.41,256.9,97.51,27.51,5,5
ORD-20250240,2026-06-19,Norteamérica,México,Consumidor Final (B2C),Distribuidores,Moda y Calzado,Accesorios y Bolsos,217.94,1,0.05,217.94,207.04,84.79,122.25,59.05,5,1
ORD-20250250,2026-06-19,Norteamérica,Estados Unidos,Corporativo,Tienda Online,Mobiliario y Oficina,Sillas Ergonómicas,192.73,8,0.15,1541.84,1310.56,788.07,522.49,39.87,3,4
ORD-20251362,2026-06-20,Latinoamérica,Perú,Consumidor Final (B2C),Venta Directa,Hogar y Electro,Purificadores de Aire,567.27,1,0.1,567.27,510.54,323.24,187.3,36.69,5,2
ORD-20250655,2026-06-20,Asia-Pacífico,Singapur,Consumidor Final (B2C),Distribuidores,Tecnología,Accesorios,438.19,1,0.1,438.19,394.37,307.7,86.67,21.98,5,2
ORD-20250828,2026-06-20,Europa,Alemania,Empresas (B2B),Tienda Online,Tecnología,Auriculares Inalámbricos,692.26,7,0.15,4845.82,4118.95,3152.69,966.26,23.46,5,1
ORD-20250894,2026-06-20,Latinoamérica,Chile,Empresas (B2B),Venta Directa,Tecnología,Laptops & Ultrabooks,469.77,2,0.1,939.54,845.59,657.72,187.87,22.22,4,3
ORD-20250181,2026-06-21,Asia-Pacífico,Corea del Sur,Consumidor Final (B2C),Venta Directa,Mobiliario y Oficina,Sillas Ergonómicas,435.03,2,0.05,870.06,826.56,554.42,272.14,32.92,5,1
ORD-20251454,2026-06-21,Latinoamérica,Colombia,Empresas (B2B),Tienda Online,Tecnología,Laptops & Ultrabooks,343.01,7,0.15,2401.07,2040.91,1526.79,514.12,25.19,4,3
ORD-20250072,2026-06-21,Norteamérica,Estados Unidos,Empresas (B2B),Tienda Online,Moda y Calzado,Abrigos Técnicos,107.16,6,0.05,642.96,610.81,255.74,355.07,58.13,4,2
ORD-20250973,2026-06-21,Europa,Francia,Consumidor Final (B2C),Tienda Online,Tecnología,Monitores 4K,925.64,1,0.1,925.64,833.08,576.37,256.71,30.81,5,5
ORD-20251115,2026-06-21,Norteamérica,Estados Unidos,Consumidor Final (B2C),Tienda Online,Hogar y Electro,Domótica,61.42,1,0.1,61.42,55.28,39.36,15.92,28.8,5,2
ORD-20250400,2026-06-21,Asia-Pacífico,Corea del Sur,Consumidor Final (B2C),Tienda Online,Tecnología,Accesorios,98.5,1,0.1,98.5,88.65,72.87,15.78,17.8,5,5
ORD-20250323,2026-06-21,Latinoamérica,Argentina,Empresas (B2B),Tienda Online,Tecnología,Auriculares Inalámbricos,670.31,5,0.1,3351.55,3016.4,2340.08,676.32,22.42,4,1
ORD-20250115,2026-06-22,Europa,Alemania,Consumidor Final (B2C),Distribuidores,Mobiliario y Oficina,Escritorios Regulables,293.99,3,0.0,881.97,881.97,509.3,372.67,42.25,4,5
ORD-20250435,2026-06-22,Latinoamérica,Colombia,Empresas (B2B),Distribuidores,Tecnología,Monitores 4K,751.19,9,0.1,6760.71,6084.64,4913.68,1170.96,19.24,5,1
ORD-20250249,2026-06-23,Asia-Pacífico,Corea del Sur,Consumidor Final (B2C),Marketplace,Moda y Calzado,Calzado Deportivo,91.26,1,0.05,91.26,86.7,45.01,41.69,48.09,5,4
ORD-20251414,2026-06-23,Norteamérica,Estados Unidos,Consumidor Final (B2C),Distribuidores,Tecnología,Accesorios,965.84,2,0.0,1931.68,1931.68,1447.84,483.84,25.05,3,2
ORD-20250667,2026-06-24,Europa,Alemania,Consumidor Final (B2C),Tienda Online,Mobiliario y Oficina,Sillas Ergonómicas,366.83,3,0.05,1100.49,1045.47,693.51,351.96,33.67,5,1
ORD-20250982,2026-06-24,Latinoamérica,Chile,Corporativo,Tienda Online,Tecnología,Accesorios,812.52,24,0.25,19500.48,14625.36,12042.04,2583.32,17.66,4,3
ORD-20250253,2026-06-24,Europa,Alemania,Consumidor Final (B2C),Distribuidores,Tecnología,Accesorios,914.55,1,0.05,914.55,868.82,623.73,245.09,28.21,5,4
ORD-20251268,2026-06-24,Europa,Francia,Consumidor Final (B2C),Marketplace,Tecnología,Accesorios,646.67,2,0.05,1293.34,1228.67,947.02,281.65,22.92,4,3
ORD-20251151,2026-06-24,Norteamérica,Estados Unidos,Consumidor Final (B2C),Tienda Online,Tecnología,Accesorios,114.39,1,0.1,114.39,102.95,83.84,19.11,18.56,4,2
ORD-20250716,2026-06-25,Norteamérica,México,Consumidor Final (B2C),Distribuidores,Tecnología,Accesorios,1235.05,3,0.1,3705.15,3334.64,2555.33,779.31,23.37,3,5
ORD-20250866,2026-06-25,Europa,Francia,Consumidor Final (B2C),Venta Directa,Mobiliario y Oficina,Organizadores,368.28,1,0.05,368.28,349.87,238.33,111.54,31.88,5,2
ORD-20251324,2026-06-25,Latinoamérica,Colombia,Consumidor Final (B2C),Venta Directa,Hogar y Electro,Purificadores de Aire,83.22,3,0.1,249.66,224.69,167.58,57.11,25.42,5,3
ORD-20250736,2026-06-25,Asia-Pacífico,Australia,Empresas (B2B),Tienda Online,Tecnología,Smartphones 5G,595.75,7,0.15,4170.25,3544.71,2656.42,888.29,25.06,5,2
ORD-20250199,2026-06-25,Europa,Reino Unido,Consumidor Final (B2C),Tienda Online,Moda y Calzado,Abrigos Técnicos,119.09,2,0.0,238.18,238.18,84.56,153.62,64.5,5,2
ORD-20251308,2026-06-25,Norteamérica,México,Corporativo,Tienda Online,Moda y Calzado,Ropa Casual,206.66,17,0.25,3513.22,2634.91,1717.42,917.49,34.82,3,3
ORD-20251254,2026-06-26,Latinoamérica,Brasil,Corporativo,Venta Directa,Moda y Calzado,Abrigos Técnicos,79.06,9,0.1,711.54,640.39,315.8,324.59,50.69,5,4
ORD-20250966,2026-06-26,Norteamérica,Canadá,Corporativo,Tienda Online,Tecnología,Auriculares Inalámbricos,1213.42,13,0.15,15774.46,13408.29,9869.07,3539.22,26.4,4,3
ORD-20250037,2026-06-26,Europa,Alemania,Corporativo,Distribuidores,Tecnología,Accesorios,141.9,12,0.2,1702.8,1362.24,1193.21,169.03,12.41,5,3
ORD-20250993,2026-06-26,Europa,Alemania,Empresas (B2B),Venta Directa,Moda y Calzado,Ropa Casual,197.9,8,0.05,1583.2,1504.04,759.09,744.95,49.53,4,5
ORD-20250340,2026-06-26,Europa,Francia,Empresas (B2B),Venta Directa,Mobiliario y Oficina,Sillas Ergonómicas,386.72,3,0.15,1160.16,986.14,633.41,352.73,35.77,5,2
ORD-20250627,2026-06-26,Europa,Alemania,Consumidor Final (B2C),Venta Directa,Moda y Calzado,Calzado Deportivo,130.59,1,0.0,130.59,130.59,65.6,64.99,49.77,3,3
ORD-20251279,2026-06-26,Norteamérica,Canadá,Empresas (B2B),Venta Directa,Tecnología,Auriculares Inalámbricos,1187.57,8,0.05,9500.56,9025.53,6978.54,2046.99,22.68,4,3
ORD-20250622,2026-06-27,Europa,Francia,Empresas (B2B),Distribuidores,Mobiliario y Oficina,Escritorios Regulables,272.29,6,0.1,1633.74,1470.37,901.91,568.46,38.66,4,5
ORD-20250741,2026-06-27,Europa,Francia,Empresas (B2B),Venta Directa,Moda y Calzado,Abrigos Técnicos,160.65,8,0.05,1285.2,1220.94,632.93,588.01,48.16,4,1
ORD-20251467,2026-06-27,Latinoamérica,Perú,Consumidor Final (B2C),Tienda Online,Tecnología,Smartphones 5G,262.37,2,0.05,524.74,498.5,387.61,110.89,22.24,4,1
ORD-20250557,2026-06-27,Norteamérica,México,Empresas (B2B),Venta Directa,Tecnología,Monitores 4K,1381.42,3,0.05,4144.26,3937.05,3021.32,915.73,23.26,5,4
ORD-20250207,2026-06-28,Europa,Reino Unido,Consumidor Final (B2C),Venta Directa,Mobiliario y Oficina,Sillas Ergonómicas,432.61,1,0.0,432.61,432.61,264.37,168.24,38.89,5,1
ORD-20250179,2026-06-28,Norteamérica,Estados Unidos,Empresas (B2B),Tienda Online,Moda y Calzado,Ropa Casual,101.97,9,0.15,917.73,780.07,344.28,435.79,55.87,5,4
ORD-20250368,2026-06-28,Latinoamérica,Perú,Empresas (B2B),Venta Directa,Tecnología,Monitores 4K,764.75,9,0.15,6882.75,5850.34,4370.06,1480.28,25.3,5,2
ORD-20250408,2026-06-29,Latinoamérica,Perú,Corporativo,Tienda Online,Hogar y Electro,Cafeteras Express,530.92,18,0.2,9556.56,7645.25,6292.06,1353.19,17.7,4,5
ORD-20250517,2026-06-30,Asia-Pacífico,Corea del Sur,Consumidor Final (B2C),Venta Directa,Tecnología,Auriculares Inalámbricos,1305.4,2,0.1,2610.8,2349.72,1732.75,616.97,26.26,5,3
ORD-20250646,2026-06-30,Asia-Pacífico,Japón,Empresas (B2B),Distribuidores,Tecnología,Accesorios,1125.04,9,0.05,10125.36,9619.09,7089.66,2529.43,26.3,3,2
ORD-20250187,2026-06-30,Norteamérica,Canadá,Consumidor Final (B2C),Venta Directa,Mobiliario y Oficina,Lámparas LED,244.28,3,0.05,732.84,696.2,435.35,260.85,37.47,4,5
ORD-20251029,2026-06-30,Norteamérica,Canadá,Corporativo,Distribuidores,Mobiliario y Oficina,Organizadores,148.53,19,0.15,2822.07,2398.76,1519.89,878.87,36.64,5,5
ORD-20250958,2026-07-01,Latinoamérica,Colombia,Consumidor Final (B2C),Venta Directa,Tecnología,Laptops & Ultrabooks,658.2,3,0.1,1974.6,1777.14,1389.24,387.9,21.83,5,4
ORD-20250547,2026-07-01,Norteamérica,Canadá,Corporativo,Tienda Online,Tecnología,Monitores 4K,974.82,23,0.15,22420.86,19057.73,15105.18,3952.55,20.74,5,1
ORD-20250111,2026-07-01,Norteamérica,Estados Unidos,Consumidor Final (B2C),Marketplace,Tecnología,Smartphones 5G,811.02,3,0.1,2433.06,2189.75,1604.72,585.03,26.72,4,4
ORD-20250312,2026-07-01,Latinoamérica,Brasil,Consumidor Final (B2C),Distribuidores,Hogar y Electro,Domótica,422.15,1,0.05,422.15,401.04,257.63,143.41,35.76,5,3
ORD-20251390,2026-07-02,Latinoamérica,Colombia,Consumidor Final (B2C),Venta Directa,Mobiliario y Oficina,Escritorios Regulables,331.78,1,0.05,331.78,315.19,169.33,145.86,46.28,4,5
ORD-20251325,2026-07-02,Europa,España,Empresas (B2B),Tienda Online,Moda y Calzado,Calzado Deportivo,188.26,8,0.05,1506.08,1430.78,536.11,894.67,62.53,5,5
ORD-20251395,2026-07-02,Latinoamérica,Chile,Corporativo,Tienda Online,Moda y Calzado,Accesorios y Bolsos,125.51,12,0.1,1506.12,1355.51,806.72,548.79,40.49,4,4
ORD-20250206,2026-07-02,Norteamérica,Canadá,Corporativo,Marketplace,Tecnología,Auriculares Inalámbricos,219.8,14,0.1,3077.2,2769.48,2282.39,487.09,17.59,5,5
ORD-20250393,2026-07-03,Europa,España,Consumidor Final (B2C),Tienda Online,Hogar y Electro,Cafeteras Express,394.74,1,0.1,394.74,355.27,247.15,108.12,30.43,4,1
ORD-20251359,2026-07-04,Latinoamérica,Chile,Consumidor Final (B2C),Tienda Online,Mobiliario y Oficina,Organizadores,429.14,3,0.1,1287.42,1158.68,644.55,514.13,44.37,5,1
ORD-20251252,2026-07-05,Norteamérica,Estados Unidos,Corporativo,Tienda Online,Tecnología,Monitores 4K,1182.82,23,0.15,27204.86,23124.13,16552.0,6572.13,28.42,4,5
ORD-20250564,2026-07-05,Latinoamérica,Argentina,Consumidor Final (B2C),Tienda Online,Hogar y Electro,Purificadores de Aire,476.48,3,0.0,1429.44,1429.44,818.32,611.12,42.75,5,4
ORD-20250774,2026-07-05,Latinoamérica,Argentina,Empresas (B2B),Venta Directa,Moda y Calzado,Ropa Casual,159.54,5,0.1,797.7,717.93,292.55,425.38,59.25,5,2
ORD-20251436,2026-07-05,Asia-Pacífico,Corea del Sur,Empresas (B2B),Tienda Online,Moda y Calzado,Accesorios y Bolsos,169.47,9,0.1,1525.23,1372.71,738.13,634.58,46.23,5,2
ORD-20251088,2026-07-05,Norteamérica,México,Empresas (B2B),Tienda Online,Tecnología,Laptops & Ultrabooks,915.99,9,0.15,8243.91,7007.32,5687.43,1319.89,18.84,4,3
ORD-20250045,2026-07-05,Europa,España,Consumidor Final (B2C),Marketplace,Moda y Calzado,Accesorios y Bolsos,26.47,1,0.05,26.47,25.15,11.2,13.95,55.47,5,3
ORD-20250986,2026-07-06,Europa,Alemania,Corporativo,Tienda Online,Tecnología,Smartphones 5G,291.94,6,0.1,1751.64,1576.48,1193.24,383.24,24.31,3,2
ORD-20250615,2026-07-07,Norteamérica,Estados Unidos,Empresas (B2B),Tienda Online,Hogar y Electro,Cafeteras Express,563.32,7,0.05,3943.24,3746.08,2736.62,1009.46,26.95,5,1
ORD-20251004,2026-07-08,Europa,Alemania,Consumidor Final (B2C),Venta Directa,Moda y Calzado,Accesorios y Bolsos,73.96,2,0.0,147.92,147.92,57.63,90.29,61.04,5,3
ORD-20251117,2026-07-08,Norteamérica,México,Corporativo,Venta Directa,Tecnología,Smartphones 5G,190.82,22,0.25,4198.04,3148.53,2688.14,460.39,14.62,4,3
ORD-20251310,2026-07-08,Norteamérica,Canadá,Empresas (B2B),Venta Directa,Tecnología,Smartphones 5G,1071.41,2,0.15,2142.82,1821.4,1392.71,428.69,23.54,4,4
ORD-20250783,2026-07-08,Norteamérica,Estados Unidos,Corporativo,Tienda Online,Tecnología,Accesorios,629.19,21,0.2,13212.99,10570.39,8986.36,1584.03,14.99,4,2
ORD-20250364,2026-07-09,Europa,Francia,Consumidor Final (B2C),Tienda Online,Tecnología,Smartphones 5G,1338.37,3,0.0,4015.11,4015.11,2528.97,1486.14,37.01,4,5
ORD-20251399,2026-07-09,Europa,Reino Unido,Corporativo,Distribuidores,Moda y Calzado,Abrigos Técnicos,104.0,19,0.25,1976.0,1482.0,710.77,771.23,52.04,4,5
ORD-20251422,2026-07-09,Latinoamérica,Chile,Consumidor Final (B2C),Venta Directa,Hogar y Electro,Aspiradoras Robot,374.74,1,0.0,374.74,374.74,232.95,141.79,37.84,5,2
ORD-20250268,2026-07-09,Europa,España,Empresas (B2B),Venta Directa,Moda y Calzado,Abrigos Técnicos,160.29,5,0.15,801.45,681.23,315.17,366.06,53.74,4,5
ORD-20250421,2026-07-10,Norteamérica,México,Empresas (B2B),Tienda Online,Moda y Calzado,Ropa Casual,148.08,7,0.1,1036.56,932.9,480.05,452.85,48.54,5,4
ORD-20250818,2026-07-10,Asia-Pacífico,Japón,Consumidor Final (B2C),Distribuidores,Tecnología,Auriculares Inalámbricos,847.37,3,0.0,2542.11,2542.11,1760.49,781.62,30.75,5,3
ORD-20251465,2026-07-11,Norteamérica,Estados Unidos,Consumidor Final (B2C),Distribuidores,Tecnología,Monitores 4K,1304.25,3,0.0,3912.75,3912.75,2843.36,1069.39,27.33,5,5
ORD-20251438,2026-07-11,Norteamérica,Estados Unidos,Empresas (B2B),Venta Directa,Hogar y Electro,Purificadores de Aire,159.26,4,0.15,637.04,541.48,362.15,179.33,33.12,5,5
ORD-20250857,2026-07-11,Norteamérica,Estados Unidos,Consumidor Final (B2C),Venta Directa,Moda y Calzado,Ropa Casual,120.79,1,0.1,120.79,108.71,60.39,48.32,44.45,4,3
ORD-20251218,2026-07-11,Asia-Pacífico,Australia,Corporativo,Venta Directa,Moda y Calzado,Abrigos Técnicos,218.09,9,0.2,1962.81,1570.25,704.38,865.87,55.14,4,1
ORD-20250536,2026-07-11,Latinoamérica,Chile,Consumidor Final (B2C),Marketplace,Moda y Calzado,Calzado Deportivo,44.88,3,0.0,134.64,134.64,49.61,85.03,63.15,5,2
ORD-20250583,2026-07-12,Europa,Alemania,Empresas (B2B),Tienda Online,Tecnología,Smartphones 5G,95.93,3,0.1,287.79,259.01,198.82,60.19,23.24,5,4
ORD-20251084,2026-07-12,Asia-Pacífico,Japón,Empresas (B2B),Tienda Online,Moda y Calzado,Abrigos Técnicos,148.19,4,0.15,592.76,503.85,299.76,204.09,40.51,5,4
ORD-20250585,2026-07-13,Norteamérica,Estados Unidos,Corporativo,Distribuidores,Hogar y Electro,Cafeteras Express,425.5,6,0.2,2553.0,2042.4,1682.43,359.97,17.62,5,4
ORD-20250212,2026-07-14,Norteamérica,México,Empresas (B2B),Tienda Online,Mobiliario y Oficina,Lámparas LED,282.0,8,0.05,2256.0,2143.2,1318.66,824.54,38.47,3,4
ORD-20251118,2026-07-14,Latinoamérica,Argentina,Empresas (B2B),Venta Directa,Mobiliario y Oficina,Organizadores,320.12,3,0.15,960.36,816.31,595.48,220.83,27.05,3,1
ORD-20251457,2026-07-14,Norteamérica,Estados Unidos,Consumidor Final (B2C),Marketplace,Hogar y Electro,Purificadores de Aire,436.14,1,0.1,436.14,392.53,279.02,113.51,28.92,4,4
ORD-20250518,2026-07-14,Norteamérica,Canadá,Consumidor Final (B2C),Venta Directa,Mobiliario y Oficina,Escritorios Regulables,94.72,3,0.1,284.16,255.74,165.78,89.96,35.18,5,1
ORD-20250722,2026-07-15,Latinoamérica,Perú,Consumidor Final (B2C),Tienda Online,Hogar y Electro,Cafeteras Express,405.18,1,0.0,405.18,405.18,280.48,124.7,30.78,4,1
ORD-20251413,2026-07-16,Latinoamérica,Argentina,Consumidor Final (B2C),Distribuidores,Hogar y Electro,Domótica,93.84,3,0.1,281.52,253.37,179.11,74.26,29.31,5,3
ORD-20250065,2026-07-16,Asia-Pacífico,Japón,Consumidor Final (B2C),Venta Directa,Tecnología,Auriculares Inalámbricos,403.86,1,0.1,403.86,363.47,259.8,103.67,28.52,4,1
ORD-20250224,2026-07-16,Latinoamérica,Brasil,Consumidor Final (B2C),Distribuidores,Tecnología,Auriculares Inalámbricos,1069.97,1,0.1,1069.97,962.97,739.15,223.82,23.24,4,2
ORD-20251250,2026-07-16,Latinoamérica,Perú,Empresas (B2B),Tienda Online,Tecnología,Monitores 4K,1272.67,8,0.15,10181.36,8654.16,7585.6,1068.56,12.35,5,5
ORD-20250545,2026-07-16,Latinoamérica,Brasil,Consumidor Final (B2C),Distribuidores,Tecnología,Smartphones 5G,883.31,1,0.05,883.31,839.14,579.49,259.65,30.94,5,5
ORD-20251449,2026-07-17,Norteamérica,Estados Unidos,Consumidor Final (B2C),Tienda Online,Moda y Calzado,Ropa Casual,149.72,1,0.1,149.72,134.75,74.29,60.46,44.87,4,1
ORD-20251495,2026-07-17,Norteamérica,Estados Unidos,Consumidor Final (B2C),Marketplace,Mobiliario y Oficina,Escritorios Regulables,115.86,3,0.0,347.58,347.58,218.42,129.16,37.16,3,3
ORD-20250293,2026-07-17,Norteamérica,México,Consumidor Final (B2C),Tienda Online,Tecnología,Accesorios,590.45,2,0.1,1180.9,1062.81,859.96,202.85,19.09,5,3
ORD-20251305,2026-07-18,Asia-Pacífico,Corea del Sur,Consumidor Final (B2C),Distribuidores,Moda y Calzado,Accesorios y Bolsos,198.42,3,0.05,595.26,565.5,293.97,271.53,48.02,5,1
ORD-20251220,2026-07-18,Latinoamérica,Perú,Empresas (B2B),Distribuidores,Tecnología,Monitores 4K,381.18,9,0.1,3430.62,3087.56,2564.41,523.15,16.94,3,1
ORD-20250702,2026-07-18,Europa,España,Consumidor Final (B2C),Marketplace,Tecnología,Laptops & Ultrabooks,1283.12,2,0.1,2566.24,2309.62,1681.74,627.88,27.19,4,1
ORD-20251005,2026-07-19,Norteamérica,México,Corporativo,Tienda Online,Hogar y Electro,Cafeteras Express,84.29,5,0.25,421.45,316.09,264.13,51.96,16.44,5,1
ORD-20250279,2026-07-20,Asia-Pacífico,Singapur,Corporativo,Venta Directa,Tecnología,Accesorios,1152.18,6,0.1,6913.08,6221.77,5173.23,1048.54,16.85,4,1
ORD-20251470,2026-07-21,Europa,Francia,Empresas (B2B),Marketplace,Moda y Calzado,Accesorios y Bolsos,198.16,4,0.15,792.64,673.74,321.21,352.53,52.32,4,4
ORD-20250742,2026-07-21,Norteamérica,Estados Unidos,Corporativo,Tienda Online,Moda y Calzado,Calzado Deportivo,141.12,8,0.1,1128.96,1016.06,606.74,409.32,40.29,4,1
ORD-20250889,2026-07-21,Latinoamérica,Brasil,Corporativo,Tienda Online,Moda y Calzado,Accesorios y Bolsos,150.17,13,0.2,1952.21,1561.77,918.05,643.72,41.22,5,3
ORD-20250907,2026-07-22,Asia-Pacífico,Japón,Consumidor Final (B2C),Venta Directa,Tecnología,Smartphones 5G,848.97,3,0.0,2546.91,2546.91,1856.45,690.46,27.11,4,5
ORD-20250605,2026-07-24,Norteamérica,Estados Unidos,Consumidor Final (B2C),Tienda Online,Mobiliario y Oficina,Lámparas LED,74.4,1,0.0,74.4,74.4,40.59,33.81,45.44,3,3
ORD-20251095,2026-07-24,Norteamérica,Estados Unidos,Consumidor Final (B2C),Tienda Online,Moda y Calzado,Abrigos Técnicos,101.11,1,0.1,101.11,91.0,40.53,50.47,55.46,4,4
ORD-20251056,2026-07-26,Latinoamérica,Perú,Empresas (B2B),Tienda Online,Tecnología,Monitores 4K,569.88,8,0.1,4559.04,4103.14,2890.29,1212.85,29.56,5,1
ORD-20251433,2026-07-27,Latinoamérica,Brasil,Empresas (B2B),Tienda Online,Tecnología,Monitores 4K,840.83,6,0.1,5044.98,4540.48,3627.14,913.34,20.12,5,3
ORD-20250150,2026-07-27,Latinoamérica,Colombia,Consumidor Final (B2C),Marketplace,Tecnología,Monitores 4K,1204.99,1,0.0,1204.99,1204.99,830.22,374.77,31.1,5,5
ORD-20250747,2026-07-28,Asia-Pacífico,Australia,Corporativo,Distribuidores,Hogar y Electro,Cafeteras Express,208.48,7,0.15,1459.36,1240.46,951.26,289.2,23.31,5,4
ORD-20250143,2026-07-28,Norteamérica,Estados Unidos,Consumidor Final (B2C),Marketplace,Hogar y Electro,Aspiradoras Robot,417.36,1,0.05,417.36,396.49,239.94,156.55,39.48,5,3
ORD-20250921,2026-07-29,Latinoamérica,Perú,Consumidor Final (B2C),Marketplace,Tecnología,Accesorios,1123.58,2,0.1,2247.16,2022.44,1377.48,644.96,31.89,5,5
ORD-20250840,2026-07-29,Norteamérica,Estados Unidos,Consumidor Final (B2C),Tienda Online,Tecnología,Accesorios,1328.51,2,0.05,2657.02,2524.17,1759.67,764.5,30.29,5,5
ORD-20251059,2026-07-29,Europa,Alemania,Empresas (B2B),Tienda Online,Moda y Calzado,Abrigos Técnicos,202.73,3,0.15,608.19,516.96,237.84,279.12,53.99,4,4
ORD-20250862,2026-07-30,Latinoamérica,Perú,Empresas (B2B),Venta Directa,Moda y Calzado,Calzado Deportivo,163.98,2,0.05,327.96,311.56,139.13,172.43,55.34,3,4
ORD-20250499,2026-07-30,Europa,Reino Unido,Consumidor Final (B2C),Tienda Online,Mobiliario y Oficina,Escritorios Regulables,197.25,1,0.1,197.25,177.53,128.2,49.33,27.79,5,1
ORD-20250864,2026-07-30,Norteamérica,Canadá,Corporativo,Tienda Online,Mobiliario y Oficina,Lámparas LED,176.69,9,0.2,1590.21,1272.17,872.81,399.36,31.39,3,1
ORD-20251049,2026-07-31,Latinoamérica,Brasil,Consumidor Final (B2C),Tienda Online,Moda y Calzado,Calzado Deportivo,146.35,3,0.1,439.05,395.15,235.83,159.32,40.32,4,1
ORD-20250933,2026-07-31,Norteamérica,México,Consumidor Final (B2C),Venta Directa,Moda y Calzado,Calzado Deportivo,169.86,1,0.1,169.86,152.87,73.97,78.9,51.61,5,1
ORD-20251083,2026-07-31,Asia-Pacífico,Corea del Sur,Empresas (B2B),Distribuidores,Tecnología,Monitores 4K,985.57,6,0.15,5913.42,5026.41,3657.29,1369.12,27.24,4,1
ORD-20251383,2026-07-31,Norteamérica,México,Empresas (B2B),Tienda Online,Mobiliario y Oficina,Sillas Ergonómicas,190.52,2,0.15,381.04,323.88,218.29,105.59,32.6,3,1
ORD-20250305,2026-07-31,Norteamérica,Estados Unidos,Empresas (B2B),Tienda Online,Tecnología,Laptops & Ultrabooks,937.18,2,0.05,1874.36,1780.64,1349.16,431.48,24.23,5,3
ORD-20250118,2026-08-01,Latinoamérica,Perú,Consumidor Final (B2C),Tienda Online,Moda y Calzado,Calzado Deportivo,76.84,3,0.1,230.52,207.47,103.7,103.77,50.02,4,5
ORD-20250759,2026-08-01,Latinoamérica,Colombia,Consumidor Final (B2C),Tienda Online,Tecnología,Laptops & Ultrabooks,233.65,2,0.05,467.3,443.94,325.6,118.34,26.66,4,1
ORD-20250815,2026-08-01,Europa,Reino Unido,Consumidor Final (B2C),Distribuidores,Mobiliario y Oficina,Escritorios Regulables,290.94,2,0.0,581.88,581.88,337.72,244.16,41.96,4,2
ORD-20250656,2026-08-01,Norteamérica,Canadá,Empresas (B2B),Tienda Online,Moda y Calzado,Calzado Deportivo,66.18,9,0.05,595.62,565.84,210.85,354.99,62.74,4,5
ORD-20250423,2026-08-02,Norteamérica,México,Consumidor Final (B2C),Tienda Online,Tecnología,Laptops & Ultrabooks,129.59,3,0.05,388.77,369.33,264.64,104.69,28.35,5,2
ORD-20250061,2026-08-02,Norteamérica,México,Consumidor Final (B2C),Distribuidores,Moda y Calzado,Calzado Deportivo,150.37,2,0.05,300.74,285.7,160.03,125.67,43.99,5,3
ORD-20250067,2026-08-03,Latinoamérica,Chile,Consumidor Final (B2C),Tienda Online,Mobiliario y Oficina,Sillas Ergonómicas,71.88,3,0.05,215.64,204.86,108.02,96.84,47.27,4,5
ORD-20250987,2026-08-04,Norteamérica,México,Consumidor Final (B2C),Venta Directa,Hogar y Electro,Domótica,108.07,3,0.0,324.21,324.21,187.97,136.24,42.02,5,4
ORD-20250750,2026-08-04,Europa,España,Empresas (B2B),Marketplace,Mobiliario y Oficina,Organizadores,324.32,3,0.1,972.96,875.66,583.59,292.07,33.35,5,5
ORD-20250159,2026-08-04,Asia-Pacífico,Australia,Empresas (B2B),Tienda Online,Mobiliario y Oficina,Escritorios Regulables,338.96,2,0.1,677.92,610.13,442.15,167.98,27.53,5,2
ORD-20250525,2026-08-04,Europa,Reino Unido,Empresas (B2B),Tienda Online,Moda y Calzado,Accesorios y Bolsos,193.95,3,0.15,581.85,494.57,309.87,184.7,37.35,4,2
ORD-20251038,2026-08-04,Europa,Francia,Empresas (B2B),Venta Directa,Moda y Calzado,Accesorios y Bolsos,62.78,6,0.15,376.68,320.18,178.62,141.56,44.21,4,1
ORD-20251421,2026-08-05,Europa,Alemania,Empresas (B2B),Distribuidores,Tecnología,Laptops & Ultrabooks,271.62,5,0.05,1358.1,1290.19,914.22,375.97,29.14,5,3
ORD-20250220,2026-08-05,Latinoamérica,Colombia,Consumidor Final (B2C),Distribuidores,Tecnología,Laptops & Ultrabooks,1164.23,1,0.1,1164.23,1047.81,720.78,327.03,31.21,4,5
ORD-20250040,2026-08-06,Norteamérica,Canadá,Empresas (B2B),Tienda Online,Hogar y Electro,Cafeteras Express,91.72,2,0.15,183.44,155.92,104.42,51.5,33.03,4,4
ORD-20251345,2026-08-06,Europa,Francia,Consumidor Final (B2C),Venta Directa,Hogar y Electro,Purificadores de Aire,122.17,2,0.0,244.34,244.34,164.75,79.59,32.57,5,2
ORD-20250648,2026-08-06,Latinoamérica,Perú,Consumidor Final (B2C),Venta Directa,Tecnología,Laptops & Ultrabooks,598.36,3,0.1,1795.08,1615.57,1215.74,399.83,24.75,5,3
ORD-20251417,2026-08-06,Europa,Francia,Consumidor Final (B2C),Tienda Online,Hogar y Electro,Domótica,376.71,2,0.0,753.42,753.42,480.43,272.99,36.23,4,1
ORD-20250684,2026-08-07,Europa,Francia,Empresas (B2B),Distribuidores,Hogar y Electro,Domótica,160.8,4,0.1,643.2,578.88,404.05,174.83,30.2,4,4
ORD-20250950,2026-08-08,Asia-Pacífico,Corea del Sur,Consumidor Final (B2C),Tienda Online,Hogar y Electro,Cafeteras Express,319.13,3,0.05,957.39,909.52,540.75,368.77,40.55,3,1
ORD-20250093,2026-08-09,Europa,España,Consumidor Final (B2C),Distribuidores,Tecnología,Laptops & Ultrabooks,91.92,1,0.0,91.92,91.92,58.42,33.5,36.44,4,2
ORD-20250879,2026-08-09,Asia-Pacífico,Singapur,Consumidor Final (B2C),Tienda Online,Hogar y Electro,Purificadores de Aire,353.51,1,0.05,353.51,335.83,195.62,140.21,41.75,4,2
ORD-20250500,2026-08-09,Europa,España,Consumidor Final (B2C),Tienda Online,Moda y Calzado,Ropa Casual,51.96,3,0.1,155.88,140.29,76.89,63.4,45.19,4,2
ORD-20250892,2026-08-11,Norteamérica,Canadá,Consumidor Final (B2C),Tienda Online,Tecnología,Auriculares Inalámbricos,713.11,1,0.05,713.11,677.45,488.45,189.0,27.9,5,1
ORD-20250299,2026-08-12,Asia-Pacífico,Singapur,Consumidor Final (B2C),Tienda Online,Hogar y Electro,Cafeteras Express,351.72,1,0.05,351.72,334.13,220.86,113.27,33.9,5,4
ORD-20251157,2026-08-12,Latinoamérica,Perú,Empresas (B2B),Distribuidores,Tecnología,Auriculares Inalámbricos,655.48,2,0.1,1310.96,1179.86,942.62,237.24,20.11,4,3
ORD-20250578,2026-08-14,Norteamérica,México,Empresas (B2B),Tienda Online,Hogar y Electro,Aspiradoras Robot,514.49,5,0.05,2572.45,2443.83,1795.34,648.49,26.54,5,4
ORD-20251302,2026-08-15,Norteamérica,Canadá,Consumidor Final (B2C),Distribuidores,Tecnología,Auriculares Inalámbricos,1025.51,3,0.05,3076.53,2922.7,1976.09,946.61,32.39,5,5
ORD-20251320,2026-08-16,Latinoamérica,Colombia,Consumidor Final (B2C),Tienda Online,Tecnología,Auriculares Inalámbricos,839.35,3,0.0,2518.05,2518.05,1710.45,807.6,32.07,5,5
ORD-20250448,2026-08-17,Latinoamérica,Perú,Empresas (B2B),Tienda Online,Mobiliario y Oficina,Escritorios Regulables,274.2,8,0.15,2193.6,1864.56,1246.43,618.13,33.15,4,2
ORD-20250428,2026-08-17,Europa,Alemania,Consumidor Final (B2C),Distribuidores,Hogar y Electro,Cafeteras Express,82.87,3,0.05,248.61,236.18,152.16,84.02,35.57,4,4
ORD-20250663,2026-08-18,Norteamérica,México,Empresas (B2B),Distribuidores,Tecnología,Accesorios,1141.13,8,0.15,9129.04,7759.68,5772.48,1987.2,25.61,4,2
ORD-20251455,2026-08-18,Latinoamérica,Brasil,Consumidor Final (B2C),Venta Directa,Hogar y Electro,Aspiradoras Robot,246.2,2,0.0,492.4,492.4,323.1,169.3,34.38,4,5
ORD-20251336,2026-08-21,Norteamérica,Canadá,Consumidor Final (B2C),Distribuidores,Moda y Calzado,Ropa Casual,78.27,1,0.05,78.27,74.36,32.43,41.93,56.39,5,5
